identificador;vuelta;tiempo
864;3;1:04:40,339
259;3;3:34:49,830
125;5;3:48:39,097
570;3;2:56:42,998
582;1;1:11:34,148
982;5;1:59:41,307
29;2;3:10:51,644
619;4;2:16:57,393
57;2;1:40:48,159
517;2;3:36:04,636
157;1;3:06:19,040
258;2;1:02:09,132
686;1;1:46:19,138
808;3;2:59:16,082
656;2;3:33:13,156
155;3;1:47:30,146
617;2;1:58:29,780
29;3;2:10:40,368
344;5;2:36:54,472
577;2;1:26:29,563
810;1;3:56:14,227
344;1;3:44:33,647
76;3;1:20:17,987
178;1;3:06:39,070
403;1;2:04:49,874
341;4;2:11:49,556
582;5;2:04:52,890
704;4;2:25:08,169
745;3;1:08:01,258
574;5;2:45:10,175
650;2;1:27:32,807
433;3;2:58:19,098
441;1;2:52:52,082
418;1;1:51:49,052
435;2;3:44:40,761
633;5;2:19:20,397
812;2;1:54:48,640
852;2;3:13:31,386
255;2;3:55:02,101
416;3;2:19:04,612
236;3;3:28:15,732
836;3;2:47:38,356
533;2;2:49:20,454
826;4;2:43:16,088
505;2;1:10:47,207
270;1;2:28:07,228
125;4;3:29:21,000
232;2;1:46:26,918
758;3;2:00:30,064
169;1;1:43:00,103
419;3;3:53:10,714
117;2;2:59:00,536
331;5;2:32:23,702
489;1;1:51:18,418
473;1;3:36:04,636
711;4;3:57:05,969
431;2;2:22:52,596
420;4;2:11:47,933
123;2;3:18:16,230
596;3;1:04:16,324
396;3;2:49:21,621
342;1;2:02:24,396
193;5;2:30:41,955
15;2;1:49:41,183
140;5;1:44:33,554
303;2;1:18:46,573
492;2;2:19:41,279
332;1;2:08:04,578
240;2;3:26:58,652
648;4;1:21:03,644
268;4;3:02:16,005
968;1;2:07:28,487
405;2;2:50:22,473
519;4;2:44:51,843
722;3;1:55:55,699
467;4;1:30:28,355
480;2;2:34:22,988
223;4;2:28:12,717
807;1;2:40:04,144
805;2;3:06:17,689
537;3;2:27:19,046
902;2;1:59:16,027
895;5;2:09:44,454
575;4;3:29:13,440
952;5;2:48:24,083
623;5;2:20:17,463
698;4;2:10:34,213
389;1;3:40:41,899
608;1;2:40:07,340
825;5;3:35:56,143
772;5;3:47:38,003
385;5;2:47:35,822
928;4;2:57:20,312
468;1;3:52:32,159
261;2;1:40:29,315
76;5;2:43:29,717
176;4;2:17:29,995
891;2;1:23:43,756
983;2;2:19:32,444
24;5;3:35:01,027
711;1;1:26:29,567
75;5;1:51:42,887
472;1;3:43:12,180
334;5;2:07:05,914
543;2;3:24:44,525
293;5;1:43:07,674
374;1;2:17:02,530
547;4;3:25:48,781
295;2;2:12:13,028
478;1;1:30:29,179
464;2;1:24:21,448
323;5;3:07:25,860
421;4;1:24:13,448
598;5;1:01:40,641
386;2;3:08:16,015
369;3;3:14:04,400
60;5;1:25:01,915
29;4;1:49:51,290
828;2;3:49:31,877
60;4;3:29:42,370
406;1;3:31:32,961
54;1;3:43:59,428
70;3;1:25:46,693
422;1;2:35:16,382
32;5;2:46:34,710
844;1;2:49:02,895
772;2;3:12:11,790
622;2;1:24:10,963
620;4;2:58:01,179
134;3;1:25:47,812
882;5;2:28:07,033
828;4;1:48:42,842
112;1;3:28:01,791
990;1;1:49:54,209
558;5;3:53:13,796
874;4;1:30:30,881
938;1;3:40:39,159
97;4;2:58:17,565
639;2;3:51:50,736
272;4;1:05:24,538
261;5;2:41:27,787
25;1;3:50:32,816
685;2;2:43:29,717
671;5;2:23:36,121
808;1;1:21:22,217
929;1;2:37:09,796
294;3;2:20:21,091
118;1;2:22:51,338
914;2;1:45:47,912
793;4;3:07:11,337
317;5;3:40:54,540
327;1;3:10:13,530
865;3;2:21:10,049
594;3;2:12:49,242
461;1;2:46:29,502
338;3;3:12:05,415
540;2;1:55:32,613
127;5;2:43:36,798
913;3;3:12:24,814
516;2;1:20:43,326
966;5;3:41:33,888
762;1;2:20:28,071
440;1;3:52:03,427
843;5;1:57:29,795
136;1;1:51:52,375
11;5;3:18:47,788
947;1;1:48:03,619
524;2;1:20:42,355
20;4;1:45:26,117
251;5;3:46:48,746
764;1;1:09:58,365
189;1;3:09:56,299
500;4;2:52:52,082
763;1;1:26:45,659
572;4;1:57:46,862
860;5;3:52:12,071
957;4;3:45:46,785
17;3;2:33:28,927
307;1;1:59:41,670
194;3;3:17:08,512
926;1;2:15:18,383
223;2;2:35:27,313
857;5;2:02:45,257
380;3;2:10:23,451
538;2;2:50:38,318
187;1;2:59:38,651
202;1;3:56:50,082
635;2;2:09:06,669
841;5;3:22:50,207
301;3;3:11:28,027
586;1;2:00:05,982
625;4;2:57:21,184
387;4;3:32:10,441
376;4;3:45:52,751
413;5;1:02:13,325
469;1;3:01:16,953
374;3;2:50:19,576
213;1;2:36:02,892
417;5;2:41:10,024
234;5;1:21:28,893
624;5;3:08:25,568
748;1;3:56:21,876
577;1;2:05:21,806
351;1;1:44:41,621
276;5;2:58:19,098
117;3;1:22:29,744
260;2;2:23:41,586
433;5;1:16:35,939
821;4;2:12:50,471
946;2;1:05:05,883
674;2;1:50:41,121
313;5;3:49:04,093
810;4;2:28:20,892
999;2;2:57:50,558
232;1;2:55:20,665
485;5;1:45:39,961
412;3;3:55:20,441
806;2;1:28:52,963
235;1;3:14:11,282
263;3;2:29:37,458
196;1;1:49:12,146
519;5;2:11:36,204
61;1;1:44:00,408
592;3;2:00:09,037
350;5;2:53:39,167
312;5;1:13:25,406
872;5;3:17:00,255
713;1;1:13:58,500
497;1;1:51:32,418
664;3;3:27:27,235
818;1;2:47:43,430
531;2;2:43:52,557
612;5;1:50:07,449
459;5;2:33:54,265
427;3;2:58:22,016
262;3;1:22:16,120
339;3;3:36:27,690
767;1;1:26:54,948
358;3;3:01:43,308
836;5;2:48:50,753
677;4;2:22:57,377
456;2;3:25:47,006
999;4;1:54:26,291
704;3;2:50:01,982
503;5;1:50:51,573
910;5;1:22:58,796
280;2;2:31:30,942
440;2;1:42:19,078
24;4;3:17:56,331
203;5;1:51:31,513
609;3;1:52:10,693
85;1;2:09:46,462
344;4;2:11:33,452
777;1;1:28:35,751
714;5;2:58:41,003
884;1;2:54:42,623
107;3;1:35:09,452
756;1;2:24:51,978
504;1;3:00:29,551
786;3;3:43:04,193
653;5;1:33:26,458
348;1;1:00:08,270
382;1;2:55:32,653
1000;5;3:24:08,912
904;2;2:19:04,612
935;3;1:05:27,848
887;3;3:23:30,896
798;1;1:02:30,593
928;2;3:12:51,564
915;4;2:57:35,149
881;2;1:07:07,239
574;2;3:54:24,761
612;4;1:50:12,369
995;3;1:05:48,818
679;3;2:45:54,121
134;1;1:07:27,767
781;3;1:56:34,179
545;5;3:18:47,476
146;4;3:34:55,815
286;3;2:54:32,940
916;2;2:39:25,325
154;1;2:34:41,556
309;5;2:08:33,997
598;4;2:58:58,194
627;4;3:41:03,675
311;5;1:45:33,874
606;1;3:37:45,320
695;1;3:12:15,244
579;4;3:56:55,919
800;4;2:58:35,593
225;5;2:25:50,357
265;1;2:55:29,126
753;4;3:18:55,352
893;5;2:00:40,344
541;4;1:09:17,281
62;5;2:09:02,827
755;2;3:54:12,080
501;1;2:32:16,867
560;3;3:58:56,270
814;1;3:32:21,484
159;4;3:33:28,447
969;3;1:45:47,802
553;5;2:53:11,939
238;1;2:01:32,508
129;5;2:01:19,181
960;3;2:47:02,305
542;2;1:12:17,352
248;1;3:06:03,735
838;3;3:04:22,996
655;2;3:34:19,135
578;4;2:53:58,210
395;3;1:50:14,587
343;4;2:06:49,402
951;3;1:00:40,356
94;3;1:59:03,243
260;5;1:15:42,212
775;3;2:59:48,596
625;5;1:34:15,354
685;4;1:28:52,118
177;1;2:39:18,150
877;4;3:53:22,831
491;4;2:28:53,974
609;1;3:20:21,404
865;5;3:23:09,739
592;2;2:54:12,840
616;3;1:35:49,218
991;1;1:57:24,562
23;1;2:59:23,079
158;1;2:03:55,466
899;3;3:53:41,558
304;1;3:53:32,822
602;1;2:55:26,544
698;3;1:11:32,661
89;2;1:25:56,440
246;1;1:25:42,318
241;1;1:04:43,977
143;2;1:27:14,710
778;4;1:36:26,287
920;1;2:21:24,893
192;2;3:22:59,782
890;1;2:18:23,421
75;4;3:11:45,816
897;3;3:09:56,299
615;4;3:19:00,453
360;3;3:02:04,878
777;2;1:19:07,170
462;5;2:38:05,082
268;1;1:40:36,599
506;5;3:22:24,431
873;3;2:53:31,330
583;2;3:38:56,187
802;2;3:02:46,250
299;1;3:58:59,571
461;2;3:23:54,985
288;5;3:21:27,635
516;3;3:57:11,100
824;5;2:15:45,648
385;1;3:35:29,029
937;2;2:48:46,466
753;2;2:14:38,844
411;1;1:39:14,643
183;3;3:52:28,283
690;4;2:28:48,360
730;4;1:15:52,405
288;2;1:21:45,307
282;2;3:39:41,269
425;2;2:05:08,472
395;5;3:31:59,067
221;3;3:34:19,135
911;4;1:57:15,257
139;2;2:17:50,313
430;5;2:06:13,811
948;1;3:12:49,438
381;4;3:16:43,891
274;2;1:55:43,876
830;3;3:03:39,131
315;2;2:18:17,668
892;4;1:32:23,519
188;5;1:31:57,960
945;2;2:55:26,544
649;5;3:44:11,980
622;1;1:19:09,454
102;2;3:17:32,000
518;2;2:12:11,662
632;5;3:30:39,087
193;2;2:48:54,368
229;5;3:09:56,299
621;5;1:01:44,729
883;4;2:39:18,150
325;1;1:40:03,991
449;5;3:03:35,029
717;3;2:39:45,337
613;1;1:57:55,280
354;3;1:19:29,442
880;1;1:44:11,112
579;3;2:03:02,066
61;5;3:58:50,387
975;1;3:22:59,009
37;5;1:26:19,831
2;2;1:27:06,176
626;4;2:35:15,024
920;4;1:14:03,265
815;5;3:45:52,240
757;5;2:12:51,741
301;2;2:48:10,975
527;1;2:58:54,834
826;1;3:00:01,677
375;4;2:42:12,708
178;3;1:45:43,261
731;3;3:11:10,281
564;4;2:31:45,515
915;1;1:48:02,977
311;3;1:04:47,432
501;2;1:05:08,752
616;5;2:44:12,693
766;4;3:44:05,594
476;5;1:16:48,132
438;4;3:29:00,620
975;5;2:21:04,581
127;4;3:26:31,581
276;3;1:44:19,522
867;4;1:38:20,923
601;3;2:20:40,979
274;1;2:50:07,516
82;3;3:45:10,812
432;1;1:04:31,758
731;5;2:39:55,108
964;4;3:01:57,751
243;5;1:26:58,982
447;1;2:23:35,966
193;1;1:34:07,758
504;3;2:33:44,331
180;4;2:17:05,710
398;2;2:04:52,783
536;3;3:14:02,290
899;1;1:49:38,466
22;1;1:57:13,790
528;2;1:32:30,938
176;1;2:48:30,847
181;3;3:43:43,751
382;4;3:15:27,215
80;4;1:51:40,244
170;5;1:14:28,952
281;2;1:14:43,241
548;2;2:21:04,581
25;4;3:29:20,809
939;5;1:04:18,678
859;2;3:19:12,622
242;2;1:38:22,236
791;4;1:39:27,050
901;5;1:28:39,848
697;1;3:10:06,815
182;1;3:26:57,303
696;4;3:03:15,944
721;1;1:07:33,801
801;4;3:32:57,111
969;4;2:43:20,646
234;2;3:55:22,015
395;2;3:40:32,891
335;5;3:28:42,333
941;2;1:42:00,187
435;3;3:46:14,011
729;2;3:54:41,808
615;5;1:51:18,835
366;5;1:32:56,021
730;5;1:45:16,267
658;1;1:08:26,445
430;2;2:01:50,303
673;1;2:15:44,179
289;3;1:41:00,457
996;1;3:23:47,465
746;4;1:31:40,132
580;2;3:10:06,920
965;1;2:17:37,877
741;3;1:25:20,873
772;3;2:37:10,681
262;5;2:53:04,272
891;1;3:39:28,306
833;3;1:47:02,659
562;3;2:44:25,767
589;4;2:34:08,124
912;3;1:45:34,048
823;1;1:51:12,732
448;1;1:33:56,208
403;4;2:25:14,491
535;5;2:31:55,212
387;2;3:48:07,623
522;1;1:59:45,556
847;5;1:54:46,413
486;1;3:59:42,727
555;1;2:57:28,251
146;2;3:24:43,532
302;4;3:42:58,260
684;5;2:28:18,631
559;2;3:14:08,662
708;5;1:08:51,209
568;3;2:44:01,593
510;1;2:17:50,313
901;2;1:28:48,088
793;2;2:21:12,063
536;1;1:15:55,412
878;4;2:29:04,729
204;1;1:48:45,627
503;2;1:06:28,651
463;4;3:13:51,265
946;1;1:19:47,133
396;4;2:53:33,362
628;2;2:29:54,818
803;1;2:36:16,298
963;2;1:11:01,429
354;5;3:04:48,525
429;1;3:38:42,781
463;3;1:39:40,876
490;3;3:52:55,954
586;2;2:06:36,049
691;3;1:24:39,386
652;1;1:24:16,248
413;2;3:22:48,594
969;2;3:18:21,230
379;4;3:16:25,086
133;3;1:38:23,115
323;3;1:05:19,587
928;3;1:48:50,547
321;5;1:10:02,325
601;1;2:11:28,663
130;3;3:25:52,086
481;4;3:42:23,659
850;5;1:00:42,689
567;2;1:23:19,398
856;2;3:24:29,730
631;2;2:24:48,324
18;1;3:03:53,088
92;1;3:54:25,675
294;5;2:30:37,077
786;5;3:14:33,892
659;1;1:51:55,125
597;3;2:16:56,194
567;5;2:18:13,287
462;4;1:10:35,279
890;4;3:46:48,746
983;1;3:07:54,552
21;3;3:48:23,872
329;4;3:18:44,956
189;4;1:54:06,813
111;1;2:46:10,544
432;4;1:19:22,449
456;1;2:40:35,411
932;3;1:11:52,993
159;5;3:53:22,831
316;2;1:58:32,769
273;1;3:46:55,122
437;1;3:57:34,494
851;1;3:26:21,077
213;4;1:04:31,758
938;4;1:30:46,632
234;3;3:25:47,006
321;2;1:16:42,391
646;5;1:58:17,556
623;1;3:34:03,379
207;2;1:58:03,553
567;3;3:26:43,053
704;5;1:30:45,453
653;2;2:48:13,385
434;3;3:44:30,276
604;3;1:38:13,450
378;3;1:14:51,006
775;1;2:45:25,278
214;1;3:22:51,531
531;3;3:51:11,043
595;1;1:24:32,547
94;4;1:31:12,444
468;5;2:25:47,046
436;1;2:40:36,394
67;4;1:59:53,052
958;3;2:39:22,347
180;1;2:19:32,444
516;4;3:54:31,543
866;2;2:26:03,101
589;5;3:22:08,808
938;2;2:22:29,523
416;2;2:34:51,206
593;4;1:30:24,236
279;4;3:58:30,792
33;5;3:12:58,672
514;5;1:56:21,372
757;4;1:20:23,533
978;3;1:38:15,299
201;3;3:01:16,883
753;5;1:49:33,627
240;1;1:57:04,455
905;3;1:08:14,680
123;1;2:14:45,711
546;2;3:58:37,658
678;1;2:47:07,859
999;5;3:37:03,103
27;3;1:02:31,516
161;5;3:49:49,757
306;1;3:17:33,843
955;1;3:29:05,785
281;3;2:56:49,129
620;2;2:04:21,441
577;5;1:16:10,105
993;5;3:40:04,818
474;4;2:28:05,678
437;3;1:03:17,453
851;5;2:30:05,983
405;4;3:30:45,292
371;5;1:25:32,326
778;5;2:40:36,049
491;2;3:53:11,776
472;5;2:23:04,367
580;3;3:53:49,870
754;3;2:35:50,514
602;2;2:45:58,592
687;1;2:46:44,076
20;3;1:08:24,434
396;2;2:51:54,502
492;3;1:24:15,975
811;4;2:30:13,120
698;5;2:46:17,579
271;2;1:08:01,463
733;1;2:05:15,434
156;2;3:51:17,184
601;4;2:56:30,859
184;1;3:27:10,060
593;1;1:56:43,767
250;2;3:07:40,624
276;1;2:33:54,265
377;2;3:48:27,072
51;1;2:55:29,301
1000;2;2:47:21,268
98;2;2:48:45,694
309;2;3:18:47,263
402;1;1:05:46,230
469;3;3:30:52,589
203;3;1:52:48,009
831;1;1:13:32,198
817;3;2:38:18,517
665;5;3:42:12,260
752;2;3:49:53,309
774;5;3:39:14,688
233;2;3:58:40,841
4;3;1:37:19,700
717;2;2:16:46,126
993;4;2:29:33,797
845;2;3:09:50,248
180;5;1:53:00,439
613;3;1:45:27,934
75;2;2:53:33,362
93;1;1:29:57,162
923;2;1:05:57,013
890;5;1:27:47,137
849;2;2:19:17,244
87;1;1:26:40,482
599;2;1:02:41,102
557;4;3:34:25,432
371;2;1:15:03,323
491;5;2:12:13,522
416;4;1:20:59,086
314;5;3:58:45,231
465;3;2:00:05,914
317;2;1:08:51,209
60;3;1:31:51,731
79;3;2:33:16,565
345;4;1:39:19,996
797;1;3:08:53,097
365;2;1:56:18,789
53;2;3:06:40,482
647;2;3:05:16,529
319;1;3:37:21,849
794;5;1:12:51,925
627;5;3:02:42,602
411;2;2:18:46,359
427;5;2:35:04,577
565;3;3:48:07,623
71;2;1:57:57,618
685;5;2:10:59,236
776;3;2:04:46,121
941;1;2:07:23,178
711;2;1:25:37,555
920;3;2:38:56,370
320;2;1:26:45,659
683;1;3:19:12,719
385;3;3:18:34,523
637;5;3:10:25,808
110;5;3:18:33,983
553;3;2:25:40,257
3;1;2:49:32,230
140;4;1:20:52,530
220;2;3:43:24,981
418;2;3:13:20,029
19;4;2:43:15,357
485;2;3:59:33,226
45;1;1:47:58,792
153;3;2:41:54,554
411;3;1:41:45,560
791;3;1:51:12,732
779;1;3:47:15,221
768;2;3:17:25,724
856;1;1:36:02,596
572;5;1:59:56,729
368;1;1:48:13,803
316;5;2:19:10,607
315;4;2:53:08,767
495;3;1:09:23,198
347;2;3:51:59,466
413;4;3:13:24,409
21;1;3:15:19,727
288;1;3:47:47,464
780;3;2:36:18,804
1;1;2:20:10,410
250;4;2:34:31,230
286;1;3:14:36,789
540;4;1:36:41,179
600;1;2:50:38,677
968;2;3:17:55,686
386;3;2:32:35,377
213;2;2:04:48,521
336;2;3:38:52,856
366;1;2:13:02,008
949;5;2:53:43,039
35;5;3:29:32,477
137;4;2:56:03,651
14;4;1:05:58,203
838;4;2:19:16,812
983;3;2:31:36,329
152;3;2:04:42,753
45;3;1:35:15,901
604;2;3:45:47,526
590;2;3:57:31,155
376;3;2:06:36,049
970;1;2:05:39,386
547;1;1:40:43,639
389;2;3:36:28,381
934;1;3:24:31,157
759;2;1:35:38,941
278;2;2:03:21,882
124;4;2:03:11,625
933;1;3:43:17,872
374;4;2:36:40,325
655;1;1:59:03,243
963;3;1:57:48,862
953;5;1:52:33,957
362;1;1:10:50,130
668;2;3:35:11,498
449;2;2:51:36,715
782;4;2:12:49,999
69;4;2:16:46,155
192;5;2:57:51,914
984;2;2:00:39,507
480;5;3:56:17,505
798;5;2:48:16,738
171;1;2:24:11,834
365;3;2:22:57,377
670;4;3:00:29,551
866;1;1:19:17,103
952;2;3:22:09,510
641;4;3:53:29,233
476;4;3:01:18,547
65;3;3:50:32,816
80;2;2:38:01,586
455;1;3:24:39,020
227;5;3:50:44,765
559;1;1:09:06,498
393;5;1:54:30,110
133;4;3:04:32,507
688;2;3:45:23,259
900;1;3:16:16,182
421;3;2:38:18,533
551;2;3:52:54,232
449;3;3:33:48,449
693;4;2:09:25,825
228;2;2:40:14,927
496;3;2:46:29,502
485;1;2:42:27,023
460;1;3:28:09,569
783;5;1:21:59,826
508;2;2:06:42,390
610;4;3:02:29,137
431;1;1:06:27,390
669;3;3:44:33,548
16;3;2:57:30,455
752;4;2:21:40,945
495;5;1:57:32,808
729;3;1:37:37,911
675;1;2:28:46,180
525;3;1:46:10,874
865;1;2:00:42,697
18;4;1:21:02,555
174;5;2:45:30,660
864;1;3:10:25,808
230;3;1:49:10,193
522;3;3:10:13,813
301;1;1:30:02,500
287;1;3:13:18,336
873;5;1:17:56,312
305;4;3:29:45,845
421;5;2:13:00,191
809;5;2:33:14,316
643;5;2:11:23,106
258;1;1:53:30,645
263;1;3:12:04,204
90;5;1:20:26,298
436;2;3:23:12,174
931;1;3:21:14,754
281;4;3:38:24,577
109;3;1:33:14,585
181;2;3:44:36,482
590;4;2:44:18,627
474;5;3:42:52,078
643;4;2:36:57,711
979;4;2:17:06,110
901;4;1:32:59,817
656;4;3:14:50,797
182;4;1:00:06,391
708;2;3:00:32,229
801;3;1:35:53,655
231;1;3:18:17,041
182;2;2:06:17,415
105;3;1:58:05,410
790;5;3:16:50,606
780;4;3:38:40,560
179;4;2:19:20,397
611;1;3:08:46,191
278;3;1:17:48,632
114;5;1:04:27,892
791;5;3:37:32,865
557;1;2:22:25,977
30;2;3:39:30,517
760;4;1:14:52,425
251;4;3:11:21,310
72;3;2:24:40,940
205;1;1:22:25,111
873;2;2:52:09,553
778;2;2:17:22,845
11;4;3:31:59,067
958;2;3:23:14,550
541;1;1:35:10,783
872;2;2:43:04,043
404;3;3:03:22,632
833;4;3:30:14,376
464;1;2:18:55,727
766;2;2:50:24,137
396;5;1:24:29,883
317;4;1:27:36,823
561;3;2:26:30,189
555;2;3:00:21,499
339;5;2:28:19,346
930;1;2:20:44,935
405;5;3:31:30,707
460;4;1:25:32,284
966;2;3:49:01,960
535;4;2:37:47,497
205;3;2:37:02,734
350;2;3:29:56,780
854;2;2:30:19,046
772;4;1:24:52,157
704;1;2:54:41,122
413;3;1:14:25,156
931;4;1:41:12,821
157;2;2:31:05,274
270;4;3:22:11,838
523;2;1:46:21,007
919;5;3:29:00,511
605;1;3:32:58,552
385;2;1:46:10,874
829;2;2:30:07,671
27;2;3:27:13,326
980;1;1:56:51,654
575;2;2:16:50,280
750;1;2:46:09,579
133;2;1:57:03,524
11;3;2:12:08,257
420;3;1:53:52,131
737;3;1:39:40,999
53;4;1:32:19,671
326;1;3:15:54,875
434;5;3:24:14,584
712;4;2:30:12,159
308;5;1:24:42,951
939;2;2:45:04,862
295;4;2:39:08,085
814;5;2:26:18,416
608;2;1:07:30,688
22;2;3:42:29,467
987;2;1:57:14,366
120;5;3:43:07,459
161;1;3:28:55,243
389;5;3:33:03,269
337;4;1:56:08,771
894;1;3:24:19,125
368;5;2:28:46,180
965;5;1:23:21,619
213;5;3:20:31,390
616;4;3:15:19,727
359;3;2:42:12,501
244;5;3:26:21,077
835;3;1:28:39,867
182;5;2:42:12,708
119;1;3:23:25,212
539;2;2:39:18,150
30;1;2:56:41,177
194;2;3:53:31,362
812;5;2:01:10,145
291;4;3:34:53,300
14;3;1:19:40,849
566;1;3:33:48,449
272;5;1:01:50,999
76;2;3:47:08,532
610;5;1:13:19,763
291;2;2:14:39,289
524;3;3:55:42,813
466;1;1:06:42,041
472;3;3:40:53,770
393;4;2:42:48,607
105;2;3:49:26,802
174;3;2:12:55,988
174;4;1:50:41,647
837;1;3:44:07,403
610;1;1:33:52,913
875;1;2:42:39,933
65;4;2:04:12,088
416;1;3:05:58,811
264;1;3:03:32,687
341;2;2:19:04,672
95;3;1:40:04,599
875;2;3:51:28,140
931;3;1:48:06,911
527;3;2:09:36,756
676;5;2:52:36,719
180;3;3:57:18,390
733;3;3:23:48,569
3;4;2:50:22,723
769;1;3:37:48,592
134;5;3:19:51,890
64;2;3:13:24,409
870;5;2:26:09,764
516;1;1:53:35,820
700;2;3:12:43,670
387;1;2:03:22,144
362;2;2:32:47,921
755;5;2:02:24,396
441;4;3:31:33,128
775;5;1:54:31,642
649;1;1:59:26,669
199;2;3:53:20,580
813;2;3:28:51,783
676;2;2:06:58,104
817;1;2:01:39,351
782;5;3:13:02,892
892;3;3:51:19,438
871;5;3:48:17,445
445;5;1:38:19,988
850;2;3:35:24,061
567;4;3:04:08,691
98;4;3:03:48,230
811;1;3:02:06,354
822;4;3:30:42,002
473;3;2:26:51,777
909;2;1:03:07,347
428;4;3:50:31,675
138;4;1:39:46,587
861;4;3:23:37,592
785;4;3:30:39,087
373;1;2:46:20,006
395;4;2:11:19,522
562;4;3:36:49,554
890;2;2:45:17,397
13;1;1:19:08,648
743;3;3:56:35,048
262;4;1:51:09,571
792;5;1:53:50,839
53;3;3:48:02,601
968;5;1:49:37,413
275;5;2:03:01,583
521;2;3:17:22,413
592;4;1:00:20,350
923;3;2:28:16,941
738;5;1:04:20,692
833;5;3:42:57,801
754;4;2:59:38,651
296;5;3:10:42,487
15;1;2:25:37,290
101;3;2:38:02,374
799;3;2:35:47,899
323;4;1:09:49,889
723;3;3:15:59,390
142;1;3:17:39,009
605;3;1:51:43,919
513;2;2:24:15,390
719;4;2:50:28,172
409;2;3:35:34,775
259;4;3:07:00,592
819;5;3:43:59,428
993;3;2:18:50,686
93;3;1:26:12,819
730;1;3:58:07,746
660;4;3:44:04,127
650;3;2:06:30,547
944;1;2:01:44,548
178;5;1:00:19,772
505;1;3:26:29,687
982;3;2:11:59,863
220;4;2:57:16,052
410;4;1:17:01,969
545;3;3:02:06,774
428;5;2:56:21,327
916;3;3:04:04,977
161;4;1:17:05,082
38;1;2:51:58,097
751;4;3:56:09,818
946;3;2:59:45,300
217;5;1:52:33,706
766;1;2:22:20,367
311;4;2:30:05,315
830;1;1:40:29,397
156;1;3:21:05,183
404;4;3:55:24,584
705;4;2:34:18,204
725;2;1:29:38,570
58;5;2:50:38,318
716;1;2:13:49,922
927;3;2:57:20,845
318;1;1:21:18,429
492;1;3:17:11,949
803;5;1:02:11,144
671;2;1:56:28,897
6;3;2:58:47,974
465;2;2:24:53,470
572;2;2:47:42,741
377;3;2:29:28,572
38;3;1:33:20,121
905;2;2:47:07,859
342;4;2:51:32,524
760;5;2:24:56,576
795;5;1:38:29,836
790;3;3:23:04,988
405;3;1:17:02,734
290;2;3:39:12,808
311;1;1:04:12,572
989;1;1:39:27,354
379;3;1:11:53,195
658;5;2:17:16,405
190;4;1:58:51,004
66;1;2:55:05,945
63;1;2:38:23,712
196;3;2:50:24,137
69;3;1:22:35,519
915;5;1:03:34,927
269;1;2:40:20,016
664;1;2:37:30,506
294;2;2:47:43,247
847;2;3:39:02,471
682;3;2:01:08,743
151;2;2:58:30,091
345;3;3:16:37,473
428;3;3:46:34,394
145;5;3:27:31,773
52;1;3:48:43,933
916;5;1:29:10,032
748;3;3:43:07,459
467;5;2:42:50,526
68;2;3:59:32,589
476;1;1:51:19,838
198;4;1:09:57,213
910;1;2:02:06,942
804;3;1:16:30,063
790;1;2:00:43,755
723;1;2:42:32,398
830;2;1:54:04,228
480;1;2:36:34,693
583;5;1:54:23,112
793;1;3:50:39,574
3;3;1:04:42,143
615;2;1:46:40,565
929;2;1:00:49,121
841;1;3:58:11,973
564;2;1:41:56,993
863;3;3:04:06,113
402;5;2:19:28,194
887;1;1:50:14,587
293;1;1:18:24,907
725;3;3:00:19,652
733;2;1:07:17,726
951;5;2:21:03,871
386;4;2:09:58,796
586;3;2:02:51,606
562;1;2:54:43,884
103;1;3:16:53,669
857;4;1:56:07,471
243;1;3:36:05,835
258;5;3:12:19,570
494;2;3:57:18,390
618;1;3:32:33,522
45;2;2:43:57,719
722;4;2:13:31,137
387;5;1:26:20,715
353;1;1:29:45,302
426;1;2:57:27,877
640;3;1:39:10,476
150;3;2:49:01,539
224;1;3:08:12,435
256;1;2:42:57,748
919;1;3:49:04,093
231;4;3:20:50,565
330;5;2:45:02,273
517;1;3:18:42,963
459;2;1:30:39,092
392;1;2:22:11,387
829;3;2:01:37,573
250;5;3:25:24,960
964;2;3:39:00,587
600;2;1:37:31,731
217;2;3:52:43,700
974;2;2:35:45,598
417;4;3:06:01,315
571;3;1:07:03,645
877;5;3:45:38,457
43;5;2:19:06,833
925;2;1:24:15,866
570;2;2:50:26,253
792;1;2:08:28,282
476;2;2:14:20,227
148;1;3:38:00,255
870;3;2:22:49,901
631;1;1:36:58,205
436;5;3:50:41,790
892;1;2:15:24,236
197;2;2:46:16,561
99;1;1:01:40,808
514;4;1:51:09,919
690;5;3:58:30,792
228;1;1:57:13,598
534;2;2:50:15,278
143;3;1:57:22,983
897;4;3:43:21,968
644;4;3:21:06,262
372;1;1:16:42,090
314;3;3:26:52,169
472;2;3:58:30,597
987;1;1:28:11,761
538;1;1:49:46,216
745;2;1:54:31,642
305;3;1:15:50,995
9;1;2:04:46,121
391;3;3:25:43,832
753;1;2:21:39,777
409;1;1:30:16,645
839;1;2:44:18,627
817;4;2:27:33,170
959;4;1:41:26,538
940;3;3:44:57,734
830;4;2:51:23,314
394;4;2:34:19,611
219;2;2:15:30,440
626;3;2:31:47,669
140;2;2:01:40,368
767;4;3:27:13,319
708;3;1:10:42,527
430;4;1:46:19,277
123;4;2:40:35,411
631;3;2:49:22,491
651;1;3:38:39,611
842;4;2:18:02,621
485;4;3:14:02,858
825;4;3:05:15,291
772;1;1:55:55,699
369;5;2:44:25,767
382;3;2:55:51,581
391;5;1:54:39,086
383;2;1:48:48,209
487;2;1:58:04,013
229;4;3:28:13,442
790;4;1:37:01,116
774;3;1:54:07,624
201;2;3:49:29,656
906;4;1:36:59,351
194;1;1:11:06,134
19;1;3:11:45,816
397;1;2:56:51,903
708;1;3:56:04,822
596;2;3:17:12,585
85;2;1:58:30,200
674;1;2:33:43,726
50;2;2:52:21,361
205;2;3:23:23,967
398;1;3:11:30,261
298;1;1:04:23,465
289;2;3:12:12,843
674;3;1:33:38,623
107;5;3:55:12,734
621;1;1:25:18,200
957;1;1:20:23,533
895;4;3:22:15,265
636;5;3:00:32,340
178;2;3:49:01,210
303;4;1:05:09,702
91;3;3:58:01,552
483;1;2:01:10,145
856;3;3:54:00,981
63;2;1:15:13,065
594;1;2:57:30,455
472;4;2:31:54,192
950;3;3:43:22,490
834;4;3:17:05,327
686;2;3:56:46,697
655;3;3:41:29,546
916;4;3:31:53,643
184;3;3:37:58,088
417;2;2:42:51,248
2;4;2:49:09,222
414;4;1:06:49,904
12;4;3:48:02,967
646;4;1:02:03,508
580;5;2:04:52,783
588;4;3:05:55,607
857;3;2:50:06,029
856;5;2:24:27,445
255;3;3:03:52,612
959;2;1:58:50,680
288;3;3:20:28,841
616;2;2:46:19,545
719;1;1:33:17,494
770;1;3:22:40,386
497;5;3:21:45,360
957;2;1:07:01,587
462;2;1:19:09,454
25;5;2:14:02,783
250;3;3:50:00,128
214;3;3:36:13,617
395;1;2:30:29,891
649;2;1:56:22,463
761;3;3:07:09,372
66;2;1:46:28,247
284;1;1:21:02,299
552;3;2:59:24,404
165;2;1:32:39,320
16;5;2:39:27,799
442;1;3:10:45,164
130;5;1:49:18,263
778;3;2:35:16,032
354;2;2:00:59,416
668;3;1:14:18,803
329;5;1:26:50,341
145;3;3:29:21,993
360;2;1:02:17,349
407;1;1:18:39,066
179;2;3:04:53,975
242;1;3:34:16,589
797;2;2:13:02,435
654;2;2:03:13,972
536;4;2:27:53,590
229;2;3:50:49,109
300;5;3:58:58,341
917;3;1:00:49,009
782;2;3:52:28,283
545;2;2:03:54,889
662;1;3:07:48,648
826;3;2:28:38,844
155;5;2:13:49,157
693;5;2:04:02,849
961;2;1:49:47,546
87;3;1:09:14,935
558;4;1:10:23,570
930;2;1:11:47,522
99;2;2:40:03,611
77;1;1:16:59,133
815;4;2:50:08,181
561;2;1:20:36,384
48;1;2:20:21,612
928;1;3:06:26,856
660;5;1:23:55,573
370;2;2:53:13,050
837;5;1:57:55,662
799;1;2:55:59,705
995;1;3:17:05,968
168;4;3:15:29,755
603;1;2:32:28,745
310;2;1:23:46,567
335;3;1:25:27,527
475;4;2:27:36,100
587;3;3:17:33,843
768;3;2:08:02,908
384;5;3:11:12,505
749;2;2:38:57,946
948;5;2:11:31,558
218;3;1:21:28,344
572;1;3:00:02,379
508;4;3:56:03,044
8;2;1:47:16,671
738;4;2:02:54,409
65;2;2:10:54,407
64;1;2:29:32,027
448;5;3:12:20,670
374;5;1:59:15,963
864;4;3:06:28,685
50;1;2:50:26,253
686;4;3:31:56,988
58;3;1:26:56,304
848;3;1:08:10,946
548;3;1:56:35,520
566;2;1:28:54,244
197;5;3:07:42,283
775;2;3:47:29,992
637;4;2:07:05,273
328;3;2:30:05,315
387;3;1:48:44,487
419;5;2:12:59,259
375;1;3:44:54,111
645;2;2:17:55,807
819;1;1:40:22,086
986;4;3:54:49,925
752;5;1:15:04,761
220;3;2:39:02,691
421;1;1:24:42,202
672;5;2:47:43,430
239;3;2:12:16,378
470;3;3:07:00,592
204;4;2:05:47,909
874;2;3:58:12,189
854;1;2:17:54,306
116;1;2:28:05,678
860;3;1:30:30,784
844;2;2:42:07,891
485;3;3:08:02,829
38;5;1:35:28,215
488;5;2:23:41,586
399;1;1:37:28,572
170;2;1:05:43,566
888;2;2:59:37,119
758;1;3:20:50,565
906;3;1:53:21,188
749;4;1:25:18,200
222;4;3:05:28,439
45;5;2:31:07,580
873;4;1:24:35,961
781;2;2:15:20,769
391;2;2:28:02,839
631;4;2:36:06,256
352;4;1:11:42,882
788;2;3:47:03,382
495;1;3:46:45,894
519;3;3:16:58,349
412;1;3:16:47,796
852;5;1:02:03,508
835;2;2:09:53,988
206;1;2:18:54,119
856;4;2:15:11,265
648;2;1:05:13,093
691;1;3:51:51,148
496;4;2:15:04,866
869;1;1:08:54,130
82;4;1:57:31,525
348;5;1:00:40,356
713;5;3:36:28,381
201;1;2:38:02,746
230;4;3:26:36,969
216;4;2:48:30,754
70;5;1:12:34,278
506;3;2:12:32,619
159;3;1:55:25,864
291;1;3:26:23,669
336;3;2:26:51,720
712;5;2:12:13,028
978;2;1:50:56,532
277;4;3:30:34,222
490;2;1:47:16,185
798;3;2:47:30,937
49;2;2:25:15,438
82;5;2:16:37,402
331;2;2:18:13,287
831;5;2:00:12,195
632;2;3:18:42,963
752;3;1:16:38,439
914;3;1:01:19,921
780;2;2:28:03,747
563;4;2:15:20,390
990;5;2:02:59,190
745;5;2:21:32,551
574;4;2:57:53,983
215;3;3:20:32,576
632;1;1:22:46,327
653;1;1:10:14,783
38;4;2:43:53,597
603;3;3:53:30,594
972;3;2:15:30,440
591;1;1:04:12,977
996;3;3:43:59,532
967;1;1:28:10,176
459;1;2:26:32,919
824;1;2:24:16,476
629;4;2:11:13,274
544;5;3:40:13,795
159;1;2:28:55,125
904;4;1:52:22,816
507;5;1:33:45,382
256;5;2:01:44,548
102;3;1:03:30,132
186;1;1:12:30,014
729;1;1:07:53,481
950;1;3:25:12,550
634;3;1:54:14,309
789;2;2:44:11,789
315;3;3:50:15,761
15;4;3:16:06,912
394;5;2:19:10,011
488;4;3:33:03,269
683;2;1:57:44,058
629;5;2:18:17,668
670;5;1:12:00,511
813;3;2:46:41,835
616;1;1:42:44,159
673;3;1:17:39,421
420;1;3:30:13,790
744;2;1:35:34,570
431;3;3:59:37,852
174;2;1:38:19,988
780;1;2:30:01,986
733;5;2:13:10,531
894;3;1:05:10,685
243;2;2:04:20,212
592;1;2:23:55,009
10;1;3:13:40,211
951;2;2:35:18,272
634;2;3:39:43,352
426;3;2:22:16,363
990;4;1:19:22,804
925;5;3:21:18,218
563;3;2:39:49,189
180;2;1:44:35,605
975;3;1:37:43,109
482;2;3:53:22,831
257;2;3:53:57,349
743;1;2:43:49,796
914;4;2:01:42,442
146;3;2:58:52,963
308;4;1:30:07,567
480;3;3:58:06,324
347;5;2:56:03,809
690;2;2:30:28,575
206;4;1:39:22,900
543;4;2:26:17,771
670;3;2:48:46,466
828;3;1:45:15,791
378;4;2:32:53,842
520;1;3:50:10,125
624;1;1:21:40,860
567;1;2:40:39,427
918;3;3:19:00,380
341;3;3:55:46,949
849;5;2:25:32,563
994;5;2:36:07,175
708;4;2:38:02,492
303;3;2:36:41,769
329;3;3:13:14,262
938;5;3:12:50,280
719;2;2:11:29,519
883;5;2:59:21,661
350;3;3:39:43,078
873;1;2:04:17,109
630;1;1:35:49,218
836;1;1:18:45,947
908;1;1:50:41,573
114;4;1:33:57,754
620;3;2:37:25,126
825;3;3:17:46,923
996;2;2:07:14,152
962;4;2:30:10,059
144;5;1:27:04,772
339;1;2:33:07,830
346;1;1:17:16,736
136;5;2:47:27,636
97;5;2:28:42,010
855;4;2:21:36,138
994;3;2:22:56,823
628;3;3:27:06,578
402;3;3:28:33,915
390;3;2:46:36,540
917;4;3:48:21,642
989;4;2:00:56,753
687;2;2:05:23,921
89;4;3:24:02,502
261;4;2:21:57,827
111;2;2:12:59,269
229;1;1:25:01,915
875;5;3:29:06,470
216;5;3:14:35,911
673;5;1:58:04,013
544;1;2:47:54,520
648;1;3:36:56,129
998;2;1:38:48,155
850;1;2:53:01,934
379;5;1:01:08,130
604;5;3:58:28,934
445;1;2:20:17,463
747;4;2:39:28,782
861;3;1:23:56,030
294;4;2:46:31,582
74;4;3:42:43,488
862;1;3:21:17,567
28;3;1:25:32,231
363;5;3:55:12,242
734;1;1:27:22,887
97;1;2:40:43,249
277;1;3:41:38,395
649;3;3:18:21,230
552;1;3:45:49,871
623;3;3:44:07,403
571;1;3:22:57,016
533;3;1:00:34,376
897;2;3:51:53,130
87;5;3:58:23,266
33;1;2:34:14,644
718;3;1:09:27,862
55;2;2:13:15,032
626;1;1:18:23,878
921;3;1:15:52,405
267;4;3:20:57,754
13;4;2:51:54,197
181;1;1:04:21,441
685;1;3:39:21,709
843;4;1:23:02,864
714;1;1:44:12,957
647;1;2:55:43,202
352;3;3:27:10,060
429;5;3:07:47,948
979;3;1:44:40,440
654;3;1:24:52,430
107;4;2:38:05,082
294;1;1:34:51,546
130;1;3:14:10,581
285;3;1:47:25,995
782;1;3:28:06,023
491;3;2:58:37,656
987;5;1:54:04,305
525;5;1:12:37,750
203;1;3:39:53,779
133;1;1:16:17,675
962;5;2:35:45,598
88;1;2:16:37,182
859;4;1:37:37,874
662;3;3:11:56,731
871;4;1:29:29,769
979;2;2:55:55,366
247;2;2:43:52,430
297;1;1:11:49,938
822;3;1:43:03,865
223;3;3:19:45,552
634;5;1:09:24,741
59;1;2:26:57,502
183;2;2:47:50,267
424;2;3:09:18,485
157;3;2:08:05,203
360;4;1:39:34,859
835;4;2:31:16,155
459;3;3:01:45,445
408;3;1:51:02,021
715;4;3:51:17,184
21;4;3:26:35,307
238;5;1:28:55,651
333;5;1:26:12,714
467;1;1:23:40,164
344;2;3:09:56,299
598;1;3:32:43,345
284;2;2:29:02,128
78;3;3:18:58,402
935;5;1:07:50,834
960;1;3:45:02,210
719;5;2:03:21,882
502;3;2:53:06,683
969;5;2:28:00,685
957;3;1:30:39,888
842;3;3:48:05,926
349;2;3:39:29,956
164;5;2:15:22,232
907;3;2:26:57,502
251;1;3:18:08,108
871;1;3:30:20,773
549;2;1:46:44,710
385;4;1:04:59,112
460;3;1:30:21,603
754;2;1:00:11,336
4;4;3:28:26,681
356;5;2:56:59,242
722;2;2:02:09,685
636;4;2:32:24,553
595;2;2:02:52,149
175;1;3:21:42,038
709;5;3:37:17,692
732;4;1:26:59,593
702;3;1:18:51,072
73;4;2:00:59,416
468;4;3:48:35,228
818;3;2:45:27,420
629;3;1:41:54,892
12;5;2:08:18,097
34;1;2:17:55,807
331;1;3:12:59,184
699;1;3:10:12,130
168;3;3:21:40,913
61;3;3:59:19,594
795;4;1:19:29,442
153;1;3:04:34,518
442;3;3:25:29,816
436;4;2:37:44,638
90;1;3:50:56,113
222;2;2:04:02,849
488;3;3:28:32,849
771;2;2:38:25,104
631;5;1:49:12,371
192;4;2:30:52,155
296;1;1:33:05,658
125;2;3:48:19,000
717;4;1:54:46,413
628;4;2:38:32,835
286;4;3:15:58,598
426;4;3:54:06,884
415;1;1:20:43,326
944;2;2:05:11,656
356;4;2:04:55,499
439;4;1:04:09,701
333;4;3:21:16,170
932;2;3:39:43,388
586;4;3:34:09,579
89;3;2:55:02,680
979;1;2:46:22,816
612;2;3:00:09,098
419;4;2:04:05,953
515;1;2:59:51,492
593;5;2:55:53,634
359;4;1:08:29,117
91;1;1:11:07,853
709;2;1:42:41,275
811;3;1:13:31,523
840;3;2:37:59,532
401;1;1:38:00,379
305;2;2:08:58,764
282;3;3:34:24,941
543;3;2:15:23,202
146;5;1:03:36,059
374;2;1:02:17,964
96;3;3:08:21,252
684;2;1:24:02,622
867;5;3:13:21,091
135;2;1:12:49,617
544;3;2:02:41,581
553;2;1:03:07,448
333;3;1:40:20,442
912;2;2:13:02,226
5;5;3:12:16,535
107;1;2:21:19,963
223;5;3:34:15,609
44;1;1:44:28,387
881;4;2:34:22,988
415;2;2:35:15,024
802;4;3:49:14,700
226;1;3:56:53,734
663;1;2:35:49,530
96;2;3:39:43,297
365;1;1:25:12,362
823;3;2:01:23,552
544;4;2:46:48,778
419;2;3:02:44,242
220;5;2:21:21,835
863;1;3:15:29,755
661;4;1:32:25,621
305;1;2:41:38,042
252;2;2:58:31,173
788;5;3:37:54,962
103;3;1:37:30,203
730;3;1:47:50,882
877;2;3:40:43,673
127;3;1:54:56,623
3;5;1:45:34,982
841;2;1:54:57,174
271;5;2:17:02,530
884;2;3:18:28,958
345;2;3:55:23,099
353;2;1:56:31,143
836;2;1:53:18,458
773;4;2:08:58,764
223;1;2:04:18,517
715;1;1:01:16,486
676;3;2:04:42,280
941;3;1:53:40,418
430;1;2:47:17,148
398;3;3:29:51,394
936;2;1:54:35,777
287;4;3:35:58,178
115;3;3:04:01,348
112;5;3:40:15,416
748;2;1:32:35,802
930;5;1:42:39,640
473;5;3:45:02,996
330;3;1:45:31,196
811;2;1:33:40,249
953;4;3:50:03,864
639;1;3:36:28,381
583;1;1:53:33,560
774;4;2:54:56,873
46;2;3:56:30,349
156;3;1:50:25,863
486;3;3:25:51,304
783;3;1:21:18,952
398;4;3:04:42,677
333;1;3:22:23,596
505;4;3:12:00,672
847;1;2:20:01,368
195;1;3:04:13,980
640;2;1:10:48,885
81;1;2:46:18,936
705;3;3:38:42,781
33;4;2:30:41,413
19;3;2:08:05,849
479;1;3:11:23,397
91;4;3:18:21,811
464;4;2:42:35,284
39;1;1:59:42,351
149;2;3:30:36,308
474;3;3:41:03,675
935;2;1:18:41,978
491;1;2:11:07,376
606;5;1:49:51,290
280;3;3:36:04,636
18;2;1:40:58,760
581;4;2:20:07,850
925;4;3:28:32,849
493;1;3:36:24,511
641;5;3:22:36,261
53;5;3:18:48,831
365;4;3:16:18,808
561;4;1:48:59,207
619;2;2:55:34,664
661;5;1:03:37,886
761;5;3:02:38,481
582;2;2:43:17,972
381;5;1:27:32,807
295;5;3:07:53,342
805;1;1:04:04,364
969;1;1:22:29,809
778;1;1:14:52,058
90;3;3:11:48,843
214;2;2:41:39,022
934;3;1:36:14,451
883;2;2:50:52,140
818;4;2:24:11,834
439;2;1:05:46,252
376;5;2:31:52,906
113;1;3:59:59,694
900;2;1:24:28,915
359;5;1:05:13,419
792;2;2:01:19,181
903;1;1:23:43,756
984;1;2:49:33,953
808;4;1:37:32,314
599;1;1:25:29,614
183;4;3:15:32,589
324;2;1:38:42,336
255;1;1:41:22,655
741;2;1:56:04,303
570;4;2:33:05,468
836;4;3:22:42,951
940;4;2:33:27,196
157;4;1:48:39,644
773;5;1:37:09,105
298;2;3:23:07,136
744;4;2:50:01,982
135;5;3:46:45,894
665;2;3:42:18,523
671;1;2:26:09,764
653;3;1:44:09,023
741;5;2:36:13,151
202;4;3:37:10,389
564;3;1:50:51,682
905;5;3:47:23,042
138;1;1:25:32,231
973;4;2:40:16,439
756;2;3:13:31,190
542;1;1:08:23,932
230;1;1:30:59,168
272;3;3:53:21,063
735;1;1:08:36,863
37;3;2:34:19,776
629;2;3:13:16,147
651;2;1:42:23,452
679;2;2:09:00,687
913;4;2:49:21,621
526;1;1:52:47,256
316;4;3:22:31,556
164;1;3:27:57,303
936;5;1:53:47,063
617;1;3:37:03,103
844;3;1:52:03,742
727;1;3:59:54,780
936;4;3:42:54,527
697;2;1:48:10,495
215;4;3:49:43,755
126;3;3:30:12,238
987;3;3:23:00,257
220;1;3:46:22,563
568;5;2:16:21,412
513;1;2:34:49,403
711;5;2:33:49,564
777;4;3:54:00,981
552;2;3:50:45,804
295;1;3:36:34,426
236;1;1:12:38,985
474;1;2:45:02,850
863;2;3:40:34,135
865;4;1:26:09,491
618;4;1:10:41,741
812;3;1:19:30,387
952;3;3:20:42,179
985;2;2:22:10,462
109;5;3:13:46,833
882;1;1:01:55,057
794;4;3:48:35,416
503;1;2:33:16,565
995;5;3:49:23,217
860;1;2:09:47,684
216;3;1:13:38,406
481;3;3:50:54,841
30;3;1:50:29,142
297;2;3:25:48,781
728;2;2:51:22,835
745;4;3:13:40,211
698;2;2:18:16,714
139;5;2:40:46,264
111;5;2:17:13,672
864;2;2:05:49,218
503;4;2:31:43,807
570;5;3:35:42,431
18;5;2:37:59,532
867;2;3:27:12,995
599;5;2:31:53,566
256;2;3:41:28,274
902;3;3:11:15,437
107;2;2:28:19,369
437;4;3:25:39,059
700;1;2:54:44,831
233;1;1:43:40,201
508;1;1:46:05,732
926;3;1:25:39,267
614;4;3:45:14,494
834;1;3:00:12,258
11;1;2:28:12,717
685;3;1:24:42,491
289;4;3:04:21,819
785;5;3:12:35,531
660;2;1:56:41,378
75;1;2:12:18,463
377;1;2:58:34,265
354;4;3:05:25,878
114;3;1:27:00,352
233;4;3:42:36,709
802;1;1:01:01,225
523;1;1:25:17,441
145;4;2:35:27,313
113;2;1:59:07,029
937;5;2:23:17,617
23;3;2:38:20,844
112;3;2:11:45,464
234;4;3:56:10,328
370;3;1:23:14,550
297;4;2:33:42,671
64;4;1:11:27,419
488;1;3:58:55,278
40;5;1:22:09,687
85;3;1:33:52,913
275;2;1:18:36,752
671;3;3:32:10,868
522;2;3:43:24,288
390;2;3:26:31,581
339;4;2:58:26,968
736;2;1:12:06,470
382;5;1:01:16,486
612;3;3:23:46,855
201;4;3:12:56,302
392;2;1:52:51,714
698;1;3:00:11,244
672;2;2:58:05,774
554;1;3:36:44,737
110;1;2:17:58,301
415;4;2:47:00,216
23;2;3:38:47,012
118;2;2:52:36,719
973;5;3:11:56,731
40;1;3:56:09,818
925;1;2:07:12,149
35;4;3:31:01,583
425;3;2:00:45,861
149;4;1:26:34,159
714;2;3:40:26,310
184;5;2:59:00,536
186;5;3:44:36,944
90;2;1:24:42,202
62;2;2:11:57,661
494;1;3:55:07,161
149;3;2:39:08,085
393;2;2:59:15,444
97;3;1:23:44,132
585;5;1:08:21,514
171;4;2:41:30,723
648;3;3:43:48,700
573;3;2:37:28,233
73;3;1:35:59,952
231;2;3:30:29,581
497;4;1:20:46,847
764;2;3:32:21,877
165;3;2:43:52,430
69;1;3:19:56,647
29;1;1:17:14,392
905;1;3:56:43,909
982;1;2:53:47,536
572;3;1:05:00,730
120;2;2:36:25,938
40;4;1:56:03,960
357;2;2:02:55,461
588;5;1:25:34,111
98;3;2:01:29,966
939;3;2:11:39,480
712;2;2:34:38,377
113;3;1:13:41,347
977;5;2:58:57,274
496;1;3:05:37,543
245;5;3:43:22,887
402;2;2:02:29,999
679;5;3:44:00,060
400;1;3:24:36,669
394;2;2:21:26,764
587;5;1:57:14,859
906;2;2:16:32,524
290;4;3:18:00,015
867;3;1:46:06,840
371;4;3:56:19,521
974;4;1:41:45,560
518;1;2:48:23,710
452;3;3:47:57,587
964;1;3:17:12,585
901;1;3:07:16,410
666;4;2:36:21,234
486;2;1:20:53,578
635;4;2:10:54,481
943;1;2:36:34,392
147;2;3:34:08,224
605;5;2:02:48,219
249;1;1:31:21,207
463;5;2:53:06,683
190;3;1:08:34,448
474;2;2:16:23,003
560;1;2:43:31,819
407;4;3:24:00,830
317;3;1:54:05,898
233;5;1:49:13,692
35;3;3:50:48,696
415;5;2:56:58,569
937;1;2:04:21,441
557;2;1:35:49,218
42;1;3:36:09,798
786;1;1:51:25,819
740;3;3:39:07,250
579;1;1:28:08,935
80;3;1:22:38,851
143;4;3:40:59,245
759;1;3:44:55,059
900;4;3:00:45,833
67;2;3:55:47,112
690;1;3:34:13,436
98;5;1:00:54,150
308;3;3:14:23,645
71;4;3:45:39,751
74;3;2:58:26,968
559;4;1:34:22,798
755;3;2:13:33,071
135;3;3:27:06,670
609;5;2:39:02,691
838;1;3:12:20,670
278;1;1:43:26,832
529;4;2:19:08,209
123;3;1:40:22,658
287;3;1:26:29,597
578;2;3:03:23,129
545;4;3:27:36,669
329;1;1:54:14,309
646;1;2:55:47,995
761;1;2:45:17,966
150;1;1:47:48,041
212;3;3:56:39,987
796;1;2:23:21,319
12;3;1:31:59,491
144;3;1:30:19,382
737;4;2:44:01,593
502;1;2:09:26,711
895;1;3:15:29,598
891;5;1:34:58,209
751;3;3:07:35,255
71;1;2:47:53,581
378;2;2:36:44,726
798;4;2:35:10,234
433;2;3:49:16,580
499;1;3:39:42,213
488;2;1:39:22,900
853;3;3:50:04,351
127;1;2:30:37,426
995;4;2:39:54,282
281;1;1:52:22,816
79;1;3:45:18,314
484;4;1:34:07,758
888;4;2:52:36,905
966;1;3:02:00,099
809;2;3:16:44,735
917;1;3:57:26,357
953;3;2:39:14,278
710;3;1:41:56,993
83;3;1:02:02,188
212;2;1:50:34,056
949;4;3:14:14,004
528;1;3:51:18,662
950;5;1:26:54,948
723;2;1:53:47,063
104;1;1:23:57,432
647;4;2:38:14,843
349;1;1:10:10,340
717;1;1:38:29,836
531;1;3:50:20,662
614;3;3:00:24,395
791;1;2:48:20,282
899;5;1:11:47,152
558;2;2:02:01,098
689;4;3:36:34,458
792;4;2:09:00,687
962;3;1:37:58,011
315;5;1:41:48,174
885;2;3:10:09,811
821;1;3:55:34,205
790;2;1:32:51,625
236;5;3:34:34,770
805;5;2:16:46,056
376;1;3:10:59,540
894;2;3:00:01,934
507;3;3:22:51,531
428;1;2:05:49,832
682;4;3:17:12,585
40;3;3:41:03,625
127;2;1:17:11,624
833;2;2:27:10,334
383;3;3:10:47,141
762;5;3:03:30,981
174;1;2:08:51,494
784;1;2:59:10,577
240;5;2:18:17,605
317;1;1:35:19,772
972;1;3:37:32,865
942;2;3:07:01,581
876;1;1:49:06,341
83;4;1:48:41,729
219;5;2:05:13,811
718;5;2:17:21,410
588;3;3:22:36,261
237;1;1:10:47,808
62;1;1:49:41,183
881;5;1:33:22,089
95;1;1:11:00,926
199;3;1:40:14,294
540;5;3:29:21,824
805;4;1:22:25,111
568;1;2:50:11,874
429;2;2:42:49,650
590;5;3:37:47,002
445;3;2:40:19,788
99;5;1:02:03,644
242;4;1:44:27,917
812;1;2:16:09,701
982;4;3:53:56,892
916;1;2:41:04,265
571;5;1:55:21,209
979;5;2:55:03,018
565;4;1:16:23,123
378;1;2:12:34,248
522;5;2:28:29,680
141;1;1:17:51,751
200;1;3:25:56,330
693;2;1:59:41,670
475;2;2:56:59,557
343;5;2:16:31,204
446;4;3:04:51,833
757;3;3:59:05,092
408;1;2:26:40,751
101;4;3:17:12,105
208;4;1:33:11,564
944;4;3:12:45,678
537;5;3:14:10,147
961;3;1:45:21,957
155;2;3:31:14,409
173;2;3:03:13,448
893;3;1:16:22,600
940;2;3:12:19,786
52;2;1:14:35,572
253;1;2:33:28,927
632;4;1:49:20,723
255;5;2:47:49,920
492;5;3:20:54,825
248;3;3:46:47,758
403;2;3:11:23,397
546;1;3:00:29,960
433;1;2:18:21,360
74;5;3:32:15,471
414;2;2:06:47,340
102;5;3:10:06,815
87;4;3:07:20,759
221;5;1:36:08,897
349;5;3:56:39,533
701;4;2:19:51,245
285;1;3:54:49,925
416;5;1:08:53,478
215;2;3:51:11,081
972;5;3:51:11,081
95;4;3:27:06,622
33;2;3:20:18,505
334;3;3:45:38,457
952;1;1:19:30,569
4;2;3:58:23,266
238;4;3:08:28,817
806;1;1:25:11,060
261;3;2:09:03,034
426;2;3:03:58,248
144;1;2:09:30,018
137;2;3:54:01,964
115;5;2:26:23,840
818;5;3:48:09,180
440;3;3:40:49,415
78;2;1:14:58,717
396;1;1:51:10,958
490;1;3:56:13,394
289;5;3:25:58,652
286;2;1:20:30,371
28;5;1:53:30,160
508;5;1:59:58,024
418;3;3:27:03,132
578;1;3:42:59,412
314;2;3:20:17,382
927;4;3:57:41,745
575;5;2:45:17,061
132;4;1:33:01,689
73;5;2:53:24,604
271;4;3:04:19,955
340;2;2:41:46,257
590;3;1:31:03,407
319;5;1:55:26,447
927;5;2:05:36,211
70;1;3:59:57,525
813;4;3:33:55,583
917;5;1:48:46,000
975;4;3:19:35,464
277;3;2:33:27,825
841;4;1:21:54,760
825;1;1:52:37,464
8;3;3:16:09,085
260;4;2:52:33,940
204;2;1:06:07,111
391;1;1:45:08,505
524;1;2:20:14,865
847;3;1:16:05,065
146;1;3:27:38,471
951;1;1:45:37,045
909;3;1:48:09,984
575;1;3:40:58,442
431;4;2:46:59,807
80;5;1:00:49,121
740;5;1:30:30,881
867;1;1:08:24,434
287;5;3:06:56,136
553;1;3:33:31,213
950;2;3:47:14,699
896;3;1:49:12,371
861;1;3:42:52,728
660;1;2:19:44,685
6;4;1:45:00,365
700;5;2:22:16,531
582;3;2:47:13,802
820;3;3:00:54,926
152;2;3:19:43,879
261;1;3:28:12,692
283;2;2:05:31,315
441;2;3:25:29,816
512;3;1:33:13,377
541;3;2:37:59,390
74;1;1:27:10,576
550;1;2:52:18,741
961;4;1:31:35,194
565;1;1:48:08,511
927;2;3:10:55,247
921;4;1:41:32,155
614;5;3:11:48,517
356;2;3:30:48,611
362;3;1:05:20,443
866;5;3:10:51,971
997;2;3:04:29,648
247;3;2:26:18,040
515;3;3:35:06,935
445;4;1:41:01,648
11;2;2:26:17,771
225;3;3:07:12,002
788;4;3:39:49,022
702;4;3:53:51,047
302;3;3:42:37,352
894;5;3:51:51,148
693;3;2:27:21,343
229;3;3:47:29,831
105;4;3:25:14,305
190;1;3:00:53,135
854;4;1:22:26,743
297;3;3:01:06,987
247;1;1:01:56,515
889;1;3:42:51,746
122;2;1:01:13,556
514;2;3:54:42,619
267;5;2:25:49,842
187;2;2:59:16,082
667;1;2:24:01,674
781;4;2:44:08,855
16;2;1:23:44,775
756;4;1:01:23,211
17;1;1:15:13,066
35;2;1:54:04,776
920;2;1:55:42,387
23;5;1:02:48,059
244;1;2:29:33,381
293;3;3:38:07,668
643;2;3:14:31,226
900;5;3:32:33,522
512;1;2:10:10,958
465;4;1:01:22,580
339;2;1:03:39,282
875;4;3:51:09,516
701;3;3:04:49,939
797;3;2:31:07,580
117;4;3:35:21,674
968;4;3:20:48,097
341;5;1:58:09,415
691;5;2:31:36,727
528;5;2:21:43,721
67;1;2:12:01,903
5;1;1:34:07,664
407;3;1:49:24,022
832;1;2:00:05,914
102;1;2:34:43,461
639;3;1:54:46,264
348;2;3:43:27,566
646;3;2:02:39,660
845;3;3:10:46,920
69;5;1:44:41,074
115;2;2:44:15,076
922;5;3:24:04,872
950;4;2:47:21,268
152;5;3:15:16,471
747;2;2:09:44,454
40;2;3:42:12,762
628;5;3:36:40,882
290;5;1:46:28,247
531;5;3:22:30,711
32;3;1:47:04,716
280;5;3:24:39,020
258;4;1:50:14,587
815;2;1:57:22,983
155;4;2:46:15,210
484;5;2:50:26,253
344;3;3:40:49,332
162;4;1:47:20,405
776;5;2:10:46,569
198;3;2:28:07,033
69;2;2:11:07,915
929;3;3:15:34,991
977;1;1:45:18,263
431;5;2:22:13,268
959;5;1:54:59,393
18;3;3:56:58,872
252;1;2:51:28,276
697;3;1:24:13,448
244;4;3:29:04,297
252;4;1:34:10,227
163;2;2:44:31,267
24;1;2:21:47,918
660;3;1:21:24,596
319;2;2:37:05,803
325;4;2:19:10,011
989;3;2:39:05,874
221;2;2:05:13,811
868;1;3:00:34,775
524;4;3:16:27,343
162;2;3:58:59,319
201;5;1:04:16,324
325;5;3:41:50,801
51;3;1:35:05,289
824;3;2:30:46,503
909;4;3:30:14,383
738;1;3:46:32,395
678;3;3:41:17,335
868;4;3:10:06,815
470;2;3:18:22,885
179;3;3:42:21,666
858;1;1:01:49,188
301;5;1:09:20,429
643;1;1:22:21,626
132;2;2:16:21,412
81;2;3:42:57,801
5;2;2:02:14,973
558;1;2:24:17,841
342;5;2:23:05,067
634;1;2:57:39,337
149;5;3:42:05,566
759;3;2:46:21,231
919;3;2:26:10,968
878;5;2:52:56,563
312;4;1:59:58,819
684;3;1:22:25,969
308;1;1:54:09,858
245;2;1:52:38,755
859;5;3:12:42,698
427;2;3:39:17,032
168;1;1:56:30,308
575;3;1:09:33,487
334;2;1:56:41,587
409;3;3:00:29,551
789;3;3:23:57,619
415;3;2:24:07,077
260;1;3:51:33,786
296;3;2:31:40,985
855;1;3:04:50,715
135;1;1:47:04,716
130;4;3:04:49,968
274;3;1:18:18,337
998;5;2:27:31,924
50;3;3:57:20,474
484;3;3:24:09,347
854;3;2:35:23,226
819;4;3:24:42,378
112;4;3:21:28,114
827;2;1:51:30,108
709;3;2:20:07,850
837;2;1:14:31,694
835;1;1:30:54,081
663;3;2:05:04,439
32;4;2:33:18,082
938;3;2:20:11,270
745;1;2:39:11,458
404;2;1:53:28,108
672;4;3:59:22,652
293;2;3:43:07,459
588;2;3:55:51,509
820;5;2:44:02,211
633;1;2:41:48,174
621;3;2:58:22,895
996;4;3:32:57,997
822;1;2:57:24,213
272;2;1:46:40,300
150;5;1:38:13,450
795;1;1:42:53,429
658;2;2:14:45,636
786;4;2:26:38,278
731;1;2:38:22,912
585;2;2:20:24,353
665;3;1:53:29,280
768;4;1:13:44,697
948;3;2:57:28,251
242;3;1:26:16,485
103;2;3:29:51,394
534;4;1:03:17,453
529;5;2:39:09,109
143;5;1:30:29,132
208;5;2:17:04,368
802;3;3:03:48,222
237;2;1:35:01,925
182;3;2:04:05,953
470;1;3:57:47,819
800;3;1:26:13,986
687;5;3:54:43,930
138;3;3:02:40,855
540;3;3:08:21,487
990;2;3:50:39,574
740;1;2:47:07,562
681;1;2:16:11,757
473;4;2:19:07,069
973;3;2:08:58,764
978;1;2:05:09,169
785;2;3:49:39,646
438;3;1:44:45,059
783;2;2:16:35,301
998;4;1:27:56,551
886;1;3:43:56,821
363;2;3:36:24,914
837;3;3:59:42,727
514;3;1:40:03,991
508;3;1:10:14,476
587;2;3:47:11,959
231;3;3:12:24,240
885;1;2:21:06,746
564;1;3:27:05,399
190;5;2:41:38,045
137;1;1:13:48,388
5;4;1:51:25,442
972;4;2:33:37,611
888;5;2:43:20,269
486;5;3:41:27,037
443;1;3:46:34,394
98;1;1:19:44,597
722;1;2:37:07,322
75;3;2:28:18,736
340;5;2:50:34,170
536;2;2:52:11,885
527;4;3:34:14,200
597;1;1:02:09,135
408;4;1:45:02,979
123;5;3:58:50,693
912;1;1:12:51,318
792;3;2:17:58,301
259;2;2:01:26,759
343;3;3:06:05,993
820;2;1:53:33,560
834;5;3:22:01,014
849;4;3:22:20,581
963;1;3:11:15,437
346;5;2:16:36,385
475;1;2:43:58,457
163;1;2:20:59,303
96;4;3:26:06,358
119;2;2:44:36,834
961;1;1:41:36,510
414;5;2:37:47,497
703;4;2:50:49,787
325;2;1:04:30,994
136;2;1:39:18,940
988;2;2:49:16,076
661;1;1:23:44,132
942;3;2:09:40,439
302;1;3:29:13,440
492;4;2:36:30,803
364;2;2:36:02,257
603;2;3:30:16,638
637;3;2:08:53,627
723;4;1:24:56,497
239;2;2:23:40,475
814;3;2:36:07,175
197;4;1:02:17,964
478;2;3:26:02,268
642;1;3:49:01,210
96;5;2:17:53,456
923;1;1:00:23,680
56;1;2:48:45,694
932;4;3:51:51,148
442;4;2:08:18,775
875;3;3:04:29,648
613;4;2:43:23,836
927;1;3:28:09,488
997;5;1:55:41,815
215;1;1:05:09,702
525;1;3:31:32,664
437;2;2:28:36,955
764;3;1:35:50,990
816;1;1:40:39,819
848;1;3:13:35,394
866;3;3:12:00,965
440;4;2:04:18,069
330;2;3:44:22,531
608;5;1:00:45,221
245;4;3:05:43,312
329;2;3:32:47,049
918;5;2:12:11,076
775;4;3:59:09,280
42;2;3:01:40,187
747;5;3:46:54,698
727;3;2:30:05,983
981;1;1:16:10,105
470;5;2:50:22,723
308;2;2:54:23,398
267;2;2:26:06,600
266;4;2:52:42,445
413;1;2:42:15,425
603;4;2:32:28,778
358;1;1:53:08,922
817;2;3:37:53,608
935;4;1:05:02,827
676;4;3:30:12,238
736;5;2:37:09,796
451;3;1:12:37,750
401;5;3:09:45,911
992;1;3:32:45,794
767;3;3:36:17,984
678;5;1:36:17,076
346;3;2:39:39,804
453;3;3:34:28,127
515;4;3:46:40,598
452;2;3:33:30,184
24;2;2:24:16,476
983;5;3:23:33,814
971;5;2:50:52,228
228;4;1:07:45,401
24;3;3:17:30,326
89;5;3:28:26,681
976;1;1:41:59,336
794;3;2:10:43,361
6;5;3:25:52,086
478;3;2:24:15,390
664;2;2:33:29,971
470;4;3:17:35,799
187;3;3:37:28,274
647;3;3:16:44,828
776;1;2:10:43,361
811;5;3:59:19,720
937;4;1:26:30,244
288;4;3:35:40,713
732;2;2:09:53,164
454;1;1:25:46,693
500;3;3:55:02,101
185;1;3:24:04,872
661;3;2:16:38,984
741;1;1:52:16,719
725;5;3:00:56,179
870;2;2:16:34,468
966;4;3:43:53,855
754;5;2:26:30,189
478;4;2:33:15,637
602;4;1:54:51,622
596;4;2:02:16,428
509;1;2:54:39,231
484;2;3:46:01,091
464;3;2:01:00,154
974;1;2:30:14,380
502;2;2:17:41,707
450;3;2:12:57,921
624;4;1:40:41,466
86;4;2:11:28,663
208;1;1:46:29,150
500;1;3:06:45,919
804;1;3:14:04,400
713;2;3:08:20,973
12;2;3:44:41,735
448;4;3:53:42,577
423;2;1:26:07,096
179;1;2:32:41,350
612;1;2:06:56,262
309;4;3:23:16,680
846;1;3:21:08,077
945;3;3:03:57,250
335;2;3:14:37,589
208;2;1:03:56,208
583;3;3:15:16,304
362;4;2:44:28,947
341;1;1:04:21,932
151;3;1:16:33,846
632;3;2:14:04,895
72;2;3:24:16,784
467;3;3:44:20,334
159;2;2:28:32,861
328;2;1:50:12,369
196;2;1:19:09,520
878;2;1:33:01,189
894;4;2:58:38,597
463;1;3:05:59,936
705;5;2:39:10,026
962;2;2:40:36,394
889;5;1:01:17,461
737;1;2:39:28,782
613;2;2:29:25,043
865;2;2:38:06,376
998;3;2:59:46,523
791;2;3:41:55,496
831;2;2:12:11,076
210;1;2:52:43,620
219;4;1:33:05,010
147;1;2:41:39,022
390;1;2:19:51,876
655;4;1:15:18,855
156;5;1:54:10,225
240;3;1:36:50,381
14;5;2:33:06,970
605;2;3:31:46,932
377;5;2:59:44,708
128;1;1:46:54,951
907;1;2:59:15,444
971;1;1:59:42,630
812;4;2:55:26,174
369;4;1:08:53,535
714;3;1:56:37,582
38;2;1:05:04,256
225;2;3:10:26,394
26;1;2:32:13,711
843;2;3:45:38,048
851;4;3:58:58,341
347;4;3:52:28,287
595;4;1:48:48,209
87;2;3:02:04,882
702;2;2:36:34,392
248;5;3:21:07,833
651;3;1:55:48,389
765;1;1:03:31,992
207;1;1:44:02,128
450;4;2:32:26,960
715;2;1:29:39,726
574;3;2:53:47,536
418;4;1:12:49,617
150;2;2:21:36,433
118;4;1:02:33,107
336;5;2:03:43,558
216;2;1:05:51,076
937;3;3:00:12,258
942;4;3:49:31,877
534;1;2:54:21,264
942;1;1:40:22,870
420;5;1:14:54,268
335;4;2:15:17,763
687;3;3:31:00,102
868;2;1:37:37,874
581;5;2:05:54,412
255;4;3:54:47,249
749;3;1:12:12,353
649;4;1:08:55,332
186;2;1:40:29,440
532;1;2:33:18,082
477;1;3:51:22,385
129;3;1:11:28,889
883;1;3:34:46,837
946;5;2:13:02,054
641;2;2:36:30,803
563;2;3:50:06,993
338;4;2:59:44,708
563;5;2:12:34,760
507;1;3:28:02,829
746;5;3:34:46,837
585;3;1:54:51,622
186;3;2:55:07,509
633;3;1:55:40,855
279;1;3:48:35,228
899;4;3:16:43,684
976;3;3:45:51,377
228;5;2:00:13,618
627;3;3:39:02,825
468;2;2:22:36,738
997;3;2:57:50,558
736;3;3:58:17,396
725;1;2:27:00,274
391;4;3:46:49,671
689;1;3:32:01,078
407;5;3:55:17,439
270;2;2:41:38,931
198;2;1:22:58,796
788;3;1:32:50,643
37;1;1:54:03,781
110;4;2:37:34,217
312;3;2:41:23,703
446;5;1:42:36,681
810;3;2:01:17,755
188;4;2:28:03,747
781;5;3:34:01,952
377;4;2:54:06,244
777;3;3:35:43,408
449;1;2:48:18,157
459;4;3:43:31,959
120;1;2:50:01,982
117;1;3:20:34,896
370;5;1:45:22,968
399;3;2:15:18,383
206;3;1:00:04,624
824;4;3:43:32,777
597;2;1:09:17,775
987;4;3:35:56,143
568;2;3:40:50,149
189;2;1:04:28,486
34;2;2:14:04,895
158;3;2:35:14,923
871;2;2:01:23,552
610;2;2:06:14,012
281;5;2:38:07,669
219;3;1:51:16,434
860;4;2:28:26,154
847;4;3:00:45,017
589;1;3:50:59,527
853;2;1:00:05,647
389;3;1:46:17,880
6;1;2:57:35,630
573;1;3:04:38,343
671;4;3:40:06,857
37;4;2:17:42,152
529;2;2:54:21,264
715;3;1:27:32,807
640;1;3:47:26,473
773;2;3:43:07,303
23;4;3:28:04,449
764;5;3:34:29,905
986;3;1:30:07,567
844;5;3:09:08,413
701;2;1:24:51,520
270;3;2:10:36,066
13;3;3:55:05,208
310;3;1:19:00,011
143;1;1:51:06,514
356;3;1:08:32,688
324;1;2:39:46,364
498;4;2:00:42,817
673;4;2:19:32,935
727;2;2:32:17,476
530;1;1:11:36,385
257;1;1:59:58,819
707;3;3:30:45,658
202;2;2:38:55,447
51;4;2:37:28,233
439;1;2:32:40,222
682;2;1:16:19,644
592;5;3:18:57,933
393;1;2:01:43,751
712;1;1:31:16,980
124;1;3:17:00,992
331;3;2:46:20,006
589;2;1:16:18,598
738;3;1:05:08,752
173;5;1:09:42,984
868;5;1:52:24,882
16;1;3:31:42,258
645;3;2:28:47,171
519;1;2:49:54,665
124;2;2:39:51,438
498;1;3:26:35,307
300;4;1:35:01,635
604;4;2:14:04,895
761;2;2:25:08,666
563;1;2:40:46,575
1000;3;3:59:32,589
590;1;1:16:16,643
214;5;3:54:55,321
380;4;3:45:23,259
362;5;1:08:08,230
364;1;1:31:38,577
774;1;2:34:20,770
441;5;2:53:39,981
426;5;2:45:31,814
360;1;3:08:50,250
740;4;1:46:51,777
388;1;1:22:08,207
793;5;3:40:41,230
634;4;3:22:32,495
337;5;2:33:06,507
870;1;1:04:07,556
691;4;3:10:46,920
537;4;2:12:34,760
386;1;3:46:49,671
800;2;2:05:01,403
752;1;3:32:11,969
776;2;2:05:15,213
61;4;3:34:44,555
760;3;2:50:49,787
36;1;3:45:12,412
427;1;1:29:14,008
291;5;2:08:17,077
913;1;3:01:27,623
712;3;3:32:56,235
99;4;3:53:16,012
437;5;1:05:08,646
904;5;1:25:05,780
627;2;3:43:08,834
357;1;2:45:58,806
537;2;1:52:56,291
919;4;1:57:44,058
78;1;1:52:38,755
319;3;1:58:26,208
637;2;1:13:46,774
845;1;3:56:49,732
973;2;1:54:17,911
100;2;3:38:42,781
767;2;3:48:02,601
596;1;1:14:18,301
859;1;2:11:14,045
167;5;3:08:02,829
528;4;3:57:16,460
497;2;2:24:11,475
906;1;1:00:24,763
227;1;1:42:19,408
1000;1;2:11:04,299
535;1;1:17:25,964
839;4;1:47:33,468
593;2;3:14:01,533
565;5;2:46:08,525
785;1;2:28:49,123
973;1;3:40:15,970
114;1;2:11:25,516
912;4;2:37:31,425
162;1;2:04:52,783
543;5;1:15:00,265
647;5;3:03:31,674
463;2;3:07:43,933
985;1;3:28:21,429
624;3;1:05:45,785
744;5;3:00:09,098
746;2;1:27:18,688
13;2;2:41:01,730
268;3;2:29:50,908
314;4;3:31:32,964
678;4;2:44:36,834
855;3;1:21:22,217
622;4;3:16:02,209
394;3;3:51:59,466
129;1;2:12:02,193
453;2;2:10:08,145
963;4;3:39:21,024
350;4;3:32:24,926
743;2;1:28:04,602
468;3;2:43:29,110
704;2;3:12:59,663
810;5;1:23:44,020
280;1;3:45:52,630
408;2;1:40:23,864
333;2;2:35:33,084
669;2;1:17:01,899
620;1;1:58:26,393
230;2;2:44:28,947
363;4;1:30:39,092
561;1;2:31:34,830
167;4;3:27:57,704
86;1;3:25:16,615
755;1;2:59:37,119
338;2;1:50:05,817
942;5;3:01:59,750
218;2;2:35:16,032
669;1;1:55:40,855
8;1;3:20:44,537
730;2;3:37:54,962
198;1;2:36:57,167
331;4;3:06:09,122
349;3;2:52:06,594
145;1;2:25:16,360
99;3;2:53:39,167
700;4;3:10:09,369
6;2;3:32:32,597
336;1;1:05:53,931
347;3;1:21:31,627
904;3;2:05:22,938
340;3;1:24:02,622
923;5;3:15:22,787
665;4;3:04:38,356
879;1;3:44:56,952
342;3;3:42:48,263
751;2;2:57:50,109
607;1;3:31:55,578
475;5;1:49:33,847
614;2;1:51:10,958
672;3;2:20:07,435
722;5;3:07:16,251
188;3;3:36:43,415
497;3;1:00:14,762
959;1;1:24:51,520
989;5;3:36:40,087
164;4;1:44:11,155
798;2;3:59:41,652
358;4;1:58:39,262
217;1;1:48:14,918
33;3;3:00:14,571
540;1;2:31:59,922
244;3;3:46:14,268
66;5;3:48:04,420
935;1;3:31:47,705
57;4;3:00:29,960
239;5;3:12:27,211
26;3;1:09:03,870
450;2;1:05:20,443
28;2;1:23:03,121
216;1;2:38:38,722
270;5;2:01:47,833
301;4;1:48:29,982
250;1;1:23:03,121
915;2;3:18:25,884
640;4;1:51:56,285
215;5;1:22:56,140
954;1;2:09:44,454
184;4;2:21:12,063
838;2;1:50:03,232
521;1;3:21:57,784
19;2;3:56:41,765
57;5;3:57:04,052
16;4;3:22:28,192
993;1;3:29:27,386
972;2;3:20:29,878
854;5;3:41:15,711
618;3;3:03:56,843
949;3;1:47:51,425
795;2;2:52:51,316
715;5;2:57:57,630
850;3;3:40:58,835
240;4;2:08:08,227
654;4;1:41:36,510
25;3;1:07:36,602
601;2;3:57:06,979
103;5;1:23:51,352
718;2;1:45:39,961
161;2;2:04:28,674
824;2;1:30:21,603
689;3;3:23:08,113
115;4;3:42:59,412
965;4;2:25:59,809
709;1;2:29:51,994
380;2;3:53:38,667
696;1;1:52:02,092
503;3;2:28:17,384
227;3;3:05:30,704
313;4;2:48:23,323
355;1;2:24:46,201
263;5;1:30:38,521
86;2;3:03:56,843
670;2;2:10:13,324
275;3;2:37:11,490
703;3;3:07:20,759
576;1;1:09:16,852
615;3;1:40:13,738
57;1;1:36:10,720
895;2;3:37:56,878
635;3;2:31:03,171
986;1;1:51:21,490
448;3;1:28:35,099
469;4;2:32:12,019
307;3;3:37:48,657
710;1;3:05:04,792
310;1;3:40:49,332
515;5;3:53:10,422
696;5;1:03:22,207
929;5;1:43:58,695
401;2;3:22:13,703
932;1;3:08:47,308
337;1;1:07:36,687
380;1;3:39:30,866
676;1;3:47:39,814
290;1;3:11:29,024
985;3;1:52:14,994
528;3;2:57:34,524
786;2;2:09:39,341
428;2;1:48:32,479
861;2;3:50:36,215
432;3;1:02:11,740
872;3;2:01:18,478
669;4;1:07:04,663
816;2;3:25:03,964
983;4;2:26:50,162
901;3;3:14:08,146
277;5;1:46:27,421
534;5;2:23:20,082
232;3;2:22:06,830
313;1;2:56:42,998
328;4;2:17:31,621
433;4;1:09:29,088
403;3;1:06:27,650
749;1;1:16:03,569
287;2;1:20:45,778
481;1;2:01:11,339
839;2;1:09:26,733
820;1;1:50:20,288
606;2;1:59:58,915
444;2;3:02:56,518
478;5;1:11:18,435
384;4;3:55:34,205
658;3;2:52:32,962
680;1;2:00:55,829
122;1;1:53:21,252
795;3;2:51:47,556
217;4;1:13:30,867
996;5;3:08:22,651
539;1;3:43:42,210
602;3;2:14:15,355
944;3;2:12:18,984
54;5;2:43:04,043
700;3;3:37:05,580
46;1;2:33:56,097
260;3;2:39:46,921
442;5;3:57:05,969
363;1;1:22:30,836
375;2;3:34:13,436
132;5;1:25:20,873
821;3;3:40:16,422
549;1;3:57:03,528
710;4;3:12:19,786
737;2;1:03:21,361
267;1;1:52:05,320
15;5;3:12:15,244
934;5;3:41:03,675
189;5;3:59:20,731
580;4;1:52:07,302
438;1;3:07:32,960
37;2;2:44:51,884
407;2;2:20:17,392
773;3;3:44:00,060
300;3;3:50:26,273
922;3;2:30:23,802
618;5;2:06:51,820
710;2;1:33:08,378
801;2;3:32:00,235
49;3;2:18:15,558
893;2;1:01:39,900
958;5;1:01:49,518
444;3;3:42:10,026
774;2;1:08:01,875
641;1;1:09:03,870
449;4;2:13:56,715
668;1;3:15:45,127
389;4;2:09:59,885
62;4;2:42:41,632
17;4;3:37:54,184
560;4;3:40:53,193
537;1;3:10:26,403
746;3;3:17:54,937
171;3;3:30:35,754
644;1;2:07:57,878
615;1;1:14:38,986
826;2;3:12:59,184
417;3;3:24:50,156
70;2;2:17:47,990
20;2;2:12:49,482
140;1;1:35:32,630
67;3;1:10:48,562
158;4;3:22:23,596
436;3;1:25:27,044
976;2;1:27:59,051
666;2;3:56:17,505
921;2;1:31:25,019
636;2;1:08:40,031
3;2;3:03:29,450
440;5;3:43:25,590
484;1;2:32:15,956
606;3;1:30:24,236
359;2;1:26:40,482
717;5;1:00:17,152
313;2;2:43:01,303
321;1;1:48:09,984
271;3;2:19:32,935
469;2;1:44:19,639
402;4;2:44:34,963
211;1;2:28:17,384
248;2;3:56:03,044
94;1;1:19:13,759
285;4;3:07:58,467
152;1;3:11:47,183
835;5;3:55:47,112
548;1;2:39:39,561
404;5;3:56:56,758
25;2;2:41:38,045
243;4;2:47:32,180
73;2;3:19:30,001
72;4;3:07:04,490
759;4;1:42:44,159
648;5;2:19:25,307
275;4;1:54:52,992
654;5;3:33:36,710
460;2;2:58:01,179
438;2;1:37:43,002
383;1;1:31:53,085
243;3;1:30:28,171
910;3;2:40:35,749
552;4;2:51:39,217
673;2;1:00:09,985
356;1;2:22:47,236
627;1;3:41:34,609
841;3;2:59:07,710
338;5;3:34:58,428
84;2;2:09:36,756
514;1;3:24:23,241
815;1;3:47:15,515
913;5;3:07:15,368
764;4;1:08:14,680
731;2;2:30:37,077
566;5;2:03:27,640
435;1;3:53:41,422
352;1;2:06:14,569
889;4;3:08:46,191
322;1;1:52:41,144
633;2;3:16:53,669
342;2;2:51:23,314
922;2;2:19:30,182
809;1;3:51:51,416
495;4;3:31:22,172
14;2;3:16:47,874
101;2;1:14:03,795
230;5;2:20:31,219
848;4;1:32:31,086
988;1;3:14:17,698
289;1;2:08:42,830
54;4;2:40:41,662
891;3;3:38:39,611
839;3;1:54:52,636
849;3;3:17:20,645
679;1;2:42:12,708
657;2;2:23:32,558
604;1;2:36:48,835
512;4;3:48:18,700
368;4;3:29:14,541
761;4;3:14:34,392
543;1;2:01:55,330
853;1;3:21:25,381
109;4;1:01:19,921
357;5;2:09:56,835
170;4;2:21:03,871
371;1;1:15:46,816
401;3;3:51:16,212
545;1;2:13:36,234
857;2;1:14:31,064
849;1;3:44:49,478
915;3;1:06:34,562
882;4;1:15:49,594
194;5;1:02:41,585
496;5;2:47:39,024
379;1;3:01:47,868
315;1;3:21:16,560
678;2;3:57:48,226
271;1;1:51:16,434
176;5;1:09:33,487
183;1;3:56:46,697
419;1;2:13:19,665
197;3;3:22:09,510
350;1;1:16:22,505
656;1;3:07:15,643
863;4;3:37:05,165
505;5;1:10:49,370
711;3;3:11:51,130
619;5;2:44:33,764
366;3;1:22:00,287
693;1;1:00:03,369
64;3;2:22:53,335
171;2;3:49:49,010
749;5;2:02:15,605
904;1;3:23:22,392
149;1;3:51:11,081
125;1;1:55:05,791
829;5;2:18:21,360
111;3;1:00:57,161
381;3;3:55:52,796
476;3;3:09:36,185
369;1;3:07:58,467
14;1;3:39:56,106
809;4;3:26:28,674
349;4;3:57:53,614
595;5;2:36:16,903
432;2;3:16:53,959
690;3;1:01:50,000
753;3;1:49:47,546
442;2;3:52:12,139
861;5;1:14:44,143
110;2;1:09:55,618
263;4;3:56:43,237
677;3;3:30:31,134
857;1;1:28:37,486
85;4;3:27:35,836
20;5;2:40:45,025
2;1;1:40:48,159
667;2;1:45:08,556
599;3;1:05:04,340
448;2;3:43:18,150
138;2;2:47:38,356
951;4;1:16:05,065
168;5;2:40:32,037
756;5;1:52:50,305
390;5;3:47:44,365
309;1;3:43:27,566
307;4;2:35:09,429
238;2;1:25:39,267
83;2;1:19:30,387
505;3;2:32:05,150
93;4;3:22:54,783
587;1;2:19:39,758
225;1;1:22:01,571
188;2;1:27:56,551
737;5;1:51:52,191
896;2;1:11:00,926
589;3;3:41:30,377
736;4;1:35:15,901
139;1;3:15:59,819
788;1;3:40:06,982
986;2;1:09:15,801
134;4;2:10:31,081
926;5;1:30:20,878
68;1;1:09:01,274
801;1;2:26:28,350
35;1;1:44:28,634
157;5;2:15:10,281
897;1;2:31:13,855
482;1;1:35:08,145
446;1;1:08:24,295
70;4;2:51:54,502
45;4;3:16:36,629
141;3;3:56:03,044
139;4;1:26:14,296
506;2;1:11:47,152
330;1;2:02:03,337
101;5;3:02:45,810
151;4;2:18:06,851
150;4;2:17:33,883
359;1;2:39:13,932
187;4;2:04:15,131
296;2;3:05:37,543
434;4;2:23:04,858
76;4;3:53:41,454
582;4;2:11:58,795
741;4;1:23:43,127
370;4;2:29:57,589
504;5;2:51:11,556
580;1;1:03:48,025
518;3;3:52:48,872
357;4;2:53:42,666
384;1;2:49:16,745
544;2;1:40:13,738
662;4;2:08:31,046
679;4;2:35:59,746
522;4;2:54:44,831
635;5;3:21:03,954
418;5;2:03:55,466
637;1;1:11:03,022
571;2;1:32:40,137
921;1;1:31:12,400
144;4;3:49:52,159
958;4;3:12:11,790
161;3;2:45:46,930
337;3;2:53:24,857
483;5;1:14:18,301
922;1;3:41:53,645
556;1;1:45:28,410
638;1;1:41:06,507
622;3;3:35:49,828
444;1;1:48:47,378
956;1;2:58:27,225
999;3;3:22:11,838
821;5;3:59:43,057
79;2;3:51:51,416
614;1;2:03:35,990
267;3;1:40:41,466
257;4;3:18:23,264
651;4;2:05:27,379
882;3;2:39:43,898
636;1;2:04:13,225
896;1;3:19:22,033
101;1;1:18:51,072
997;1;3:43:00,398
502;5;2:11:14,045
490;5;3:15:13,543
968;3;2:37:01,927
118;5;1:16:38,456
653;4;3:47:44,193
855;5;1:10:39,278
949;1;1:34:15,354
866;4;1:33:32,035
153;5;1:09:31,416
406;2;2:42:41,632
54;2;1:22:16,099
893;1;1:10:23,884
583;4;3:50:39,053
814;4;1:30:28,171
853;5;3:42:09,965
364;4;3:34:43,042
256;3;3:51:18,662
421;2;2:56:14,826
684;1;3:31:30,707
457;1;1:36:16,762
186;4;2:40:38,505
573;2;3:40:50,682
280;4;3:35:59,056
994;4;3:50:54,841
225;4;1:48:17,247
461;4;3:21:55,471
364;5;2:12:09,152
780;5;2:35:19,139
601;5;2:08:02,908
553;4;1:39:10,476
808;5;1:21:17,402
176;3;1:16:46,633
892;2;3:49:39,721
439;3;2:02:36,695
120;4;3:03:52,612
932;5;3:14:02,204
843;1;1:29:02,833
84;4;3:22:34,636
910;2;2:42:44,899
136;4;1:47:03,121
504;4;2:30:55,882
404;1;2:17:43,641
76;1;1:28:04,602
310;5;1:32:32,734
343;1;2:41:34,865
702;5;1:49:40,730
656;3;2:19:49,840
17;5;1:15:56,044
585;4;1:54:04,776
279;5;2:44:02,802
936;3;1:27:59,051
696;2;3:00:45,833
368;3;3:25:12,246
65;1;3:46:56,434
132;3;1:31:12,400
378;5;2:18:05,023
57;3;3:30:27,194
458;1;1:11:07,705
58;4;2:45:54,121
73;1;1:55:17,178
371;3;1:09:49,495
506;4;1:26:13,986
803;4;1:33:47,175
728;1;2:24:18,246
808;2;2:01:42,442
321;3;1:59:42,630
757;2;2:37:21,452
386;5;1:16:05,065
74;2;2:43:20,646
233;3;1:59:33,314
330;4;2:24:23,808
50;4;2:33:18,992
125;3;3:42:18,523
302;2;1:19:35,646
119;3;3:52:34,253
348;4;1:58:17,556
635;1;2:54:07,360
669;5;1:55:30,281
41;1;1:22:03,733
266;2;3:14:50,660
920;5;3:23:19,085
578;3;1:12:05,457
32;2;2:46:37,664
473;2;3:27:06,622
360;5;2:38:13,572
272;1;3:28:04,449
782;3;3:40:33,031
804;2;3:46:58,810
507;2;2:49:16,518
725;4;2:58:14,014
793;3;2:36:07,524
726;1;2:23:37,170
155;1;3:13:07,182
918;1;1:17:24,127
691;2;3:10:35,111
751;5;2:48:02,717
382;2;2:08:35,674
498;2;2:12:34,825
481;5;2:30:25,745
28;1;2:50:38,318
925;3;1:50:30,447
895;3;3:11:50,907
424;3;2:10:37,801
498;3;3:17:39,458
221;1;1:19:09,942
799;2;1:23:24,043
882;2;2:42:18,422
562;5;2:39:05,874
840;1;3:59:19,720
43;4;3:36:52,148
686;3;3:27:26,584
872;1;3:21:15,316
797;4;1:37:43,109
688;1;2:12:01,845
401;4;3:32:15,648
872;4;2:57:38,182
851;2;3:31:24,851
677;5;3:49:50,512
962;1;3:35:55,729
302;5;1:06:49,806
909;1;1:04:27,892
663;4;3:04:11,034
303;5;2:02:52,149
829;1;2:50:41,218
375;5;2:55:05,945
845;4;2:24:51,978
96;1;1:07:29,246
566;3;1:40:18,458
650;1;3:18:07,840
409;5;3:56:58,872
701;5;1:47:16,671
907;2;3:45:08,491
462;3;1:03:31,992
124;3;3:41:27,510
995;2;2:41:57,535
66;3;3:38:30,128
560;2;1:15:56,044
97;2;1:56:08,771
953;2;2:25:32,563
156;4;2:09:27,393
960;4;1:05:51,076
605;4;1:51:11,985
560;5;3:07:39,021
531;4;2:56:35,157
837;4;1:39:12,873
663;5;2:43:17,972
129;2;2:23:20,082
227;4;2:05:37,467
43;2;3:29:20,809
912;5;3:28:02,829
66;4;1:25:38,015
863;5;3:06:10,349
535;2;1:15:15,531
258;3;3:49:01,210
231;5;1:38:00,029
312;1;1:24:10,963
661;2;2:15:47,125
93;5;1:14:31,694
506;1;2:50:25,905
525;4;1:03:21,361
804;5;3:54:31,658
55;1;2:44:25,767
994;1;1:46:28,247
733;4;1:52:35,809
834;3;2:36:54,472
931;5;1:19:04,218
666;3;1:08:45,493
427;4;2:39:49,189
822;2;2:53:24,604
994;2;1:08:39,357
914;5;2:00:22,759
495;2;3:13:28,231
346;2;1:09:38,684
266;3;2:44:15,411
707;2;2:33:15,637
423;1;3:25:14,730
823;2;2:28:43,439
5;3;3:00:00,575
902;1;3:02:48,369
381;2;2:40:43,249
940;1;1:33:35,523
365;5;3:44:22,531
643;3;1:15:51,597
141;4;1:16:20,805
834;2;3:14:08,543
358;5;1:02:34,868
682;1;2:59:26,131
346;4;3:37:21,656
204;3;3:07:19,801
227;2;2:43:08,167
743;5;2:20:48,433
86;3;2:55:29,126
300;2;2:54:07,151
696;3;2:32:44,278
290;3;3:17:25,724
137;3;2:19:58,185
566;4;1:25:27,527
533;1;3:30:28,709
672;1;3:57:38,001
239;1;1:14:17,231
279;3;3:51:34,759
129;4;3:36:42,744
370;1;1:53:20,410
160;1;2:24:07,077
883;3;2:57:34,823
706;1;1:38:36,029
964;5;1:59:54,712
878;1;3:15:12,677
874;3;1:35:15,348
813;1;3:07:32,372
830;5;2:53:42,666
194;4;1:57:11,464
513;3;2:43:39,457
714;4;3:12:08,383
646;2;2:24:36,528
490;4;3:19:45,416
570;1;2:58:30,091
158;2;2:07:24,274
624;2;1:41:36,449
578;5;1:12:59,753
51;2;3:46:18,266
911;1;3:36:37,364
781;1;3:18:57,933
105;1;2:38:17,460
293;4;2:44:43,073
203;2;2:23:45,450
118;3;2:45:24,556
165;1;3:07:55,032
393;3;2:34:41,556
881;1;3:44:28,544
579;2;1:19:41,445
489;2;2:16:44,853
581;1;3:15:43,486
252;3;2:02:14,973
100;1;2:27:29,822
425;4;3:51:22,952
54;3;2:58:18,567
911;5;3:36:05,835
361;1;3:35:40,713
810;2;2:06:11,352
731;4;3:17:57,958
626;5;2:56:35,157
897;5;2:00:18,236
82;1;1:35:22,877
783;4;3:30:03,700
822;5;1:51:30,108
667;4;1:14:07,113
887;4;2:34:48,146
7;1;3:57:17,906
314;1;1:17:11,624
95;2;3:41:34,894
689;2;3:27:40,844
820;4;1:27:05,874
740;2;2:00:45,861
840;2;3:18:04,833
507;4;3:39:43,078
998;1;3:14:02,204
975;2;1:13:45,821
512;2;1:26:12,819
465;5;2:22:15,946
21;2;3:41:51,872
529;3;2:11:49,556
667;5;2:34:40,440
705;2;2:27:29,822
189;3;2:24:18,246
547;3;1:19:37,558
111;4;3:27:14,664
197;1;1:11:34,585
338;1;3:31:01,583
153;4;2:29:48,431
164;3;1:33:50,067
640;5;2:23:32,481
577;3;1:54:03,781
68;3;2:21:04,581
141;2;2:58:11,000
571;4;3:56:38,811
53;1;1:08:21,803
768;1;1:56:06,365
754;1;1:35:39,960
58;2;1:08:28,297
971;2;2:57:27,877
451;2;2:17:03,670
870;4;3:06:17,061
291;3;1:32:53,205
842;1;3:17:09,386
278;4;3:27:57,830
61;2;1:13:30,435
888;1;2:53:21,302
262;1;2:12:49,999
394;1;2:00:22,759
251;3;2:04:48,521
900;3;1:24:28,915
345;1;2:52:11,885
587;4;2:45:17,397
94;2;1:29:49,991
747;3;3:54:55,321
114;2;2:52:09,675
420;2;1:31:25,083
833;1;1:55:53,189
511;1;2:52:32,962
328;1;3:26:26,140
399;5;2:29:57,589
924;1;2:43:05,911
357;3;3:01:14,510
379;2;1:53:36,129
115;1;1:04:16,324
72;1;3:42:47,622
694;1;1:05:01,225
80;1;2:25:59,772
183;5;2:38:48,349
49;1;3:56:58,872
151;5;1:54:12,823
982;2;1:41:41,971
480;4;2:11:54,637
206;2;1:29:38,165
139;3;2:11:47,933
574;1;1:16:49,394
842;2;2:40:39,427
248;4;2:05:24,438
72;5;3:46:45,663
108;2;3:59:20,731
896;4;1:43:06,252
959;3;1:26:01,489
47;1;3:31:24,851
529;1;2:51:49,361
565;2;2:54:03,323
28;4;1:01:49,188
307;2;1:23:55,573
191;1;3:56:38,811
274;5;1:08:35,726
50;5;3:36:09,560
919;2;2:38:15,646
663;2;2:54:09,460
206;5;1:56:08,771
789;1;2:06:38,271
167;3;3:21:00,841
238;3;1:08:53,849
446;2;2:48:17,158
469;5;1:21:02,555
948;2;3:21:25,381
90;4;3:34:29,905
345;5;3:13:18,336
323;2;3:24:22,553
109;1;3:04:32,507
758;2;3:55:47,034
965;3;2:35:04,577
62;3;2:20:51,269
977;4;1:53:01,842
171;5;2:33:43,726
140;3;2:44:00,062
815;3;1:33:10,567
184;2;3:02:56,436
842;5;1:47:38,887
213;3;3:35:01,027
364;3;2:36:05,317
509;2;3:31:55,987
557;5;2:06:49,402
103;4;2:35:17,096
112;2;3:14:50,797
893;4;1:53:57,005
762;2;1:43:35,829
965;2;3:54:26,044
713;4;2:26:33,313
105;5;3:20:51,728
921;5;1:53:21,188
199;1;2:59:24,404
914;1;2:50:03,661
803;2;1:06:35,865
414;3;2:16:08,599
441;3;1:44:23,933
844;4;1:53:02,910
888;3;2:16:50,280
860;2;1:26:10,438
852;4;2:12:27,994
562;2;1:04:31,728
828;1;2:24:40,014
926;4;2:06:38,271
602;5;3:28:38,525
644;3;1:26:35,048
71;3;3:38:52,134
340;1;2:28:19,369
311;2;2:06:24,916
984;3;1:08:44,172
85;5;3:25:39,219
760;1;2:41:09,765
623;4;1:58:41,083
599;4;1:40:55,947
320;1;2:27:06,213
889;2;3:29:36,571
606;4;1:02:09,430
303;1;2:30:10,059
86;5;3:49:55,567
803;3;1:06:27,390
164;2;3:32:22,728
168;2;1:04:23,596
219;1;2:36:54,472
629;1;3:58:43,522
251;2;1:21:18,429
461;3;1:20:34,101
633;4;2:27:06,213
953;1;2:13:48,816
151;1;2:01:04,487
316;1;3:26:58,652
762;3;2:13:08,868
121;1;1:00:58,088
664;5;1:35:53,886
60;2;3:58:18,048
724;1;3:13:00,307
313;3;3:03:23,129
568;4;3:00:26,739
905;4;2:57:51,914
664;4;1:00:27,252
579;5;3:36:27,482
64;5;1:27:42,521
773;1;3:19:30,001
929;4;2:58:37,656
961;5;2:58:54,834
381;1;2:42:52,028
410;3;1:52:40,993
414;1;2:45:30,150
71;5;2:57:37,277
366;4;2:34:05,860
245;1;3:24:45,993
257;3;2:01:32,508
533;4;1:48:31,093
435;4;3:40:04,818
279;2;1:13:57,345
397;2;3:18:25,961
906;5;2:19:04,612
483;2;2:33:22,283
853;4;2:20:46,801
828;5;1:58:37,363
337;2;1:11:54,965
552;5;2:36:07,340
188;1;3:16:12,746
748;4;1:40:29,315
266;1;3:51:00,181
936;1;3:35:43,799
78;5;1:19:40,849
595;3;3:42:10,930
665;1;2:48:13,385
818;2;3:33:34,642
852;1;3:35:58,178
756;3;3:34:47,892
228;3;1:01:07,123
467;2;1:01:24,879
990;3;3:55:12,242
581;2;1:31:02,132
319;4;3:57:09,789
746;1;3:46:17,723
974;3;3:15:29,387
930;4;3:13:03,688
628;1;1:20:44,537
732;1;3:59:41,652
504;2;1:51:25,659
286;5;2:57:51,699
608;3;1:33:16,249
126;2;1:05:11,627
598;3;3:07:41,651
209;1;2:10:08,145
309;3;1:37:01,116
144;2;1:37:07,352
687;4;2:15:06,064
19;5;2:31:41,200
409;4;1:05:04,537
524;5;1:53:23,857
767;5;1:16:26,305
321;4;2:26:55,181
732;5;2:54:35,551
852;3;1:26:54,359
425;1;3:24:22,014
759;5;1:36:25,134
234;1;3:55:41,545
274;4;3:58:06,324
922;4;3:35:07,731
178;4;3:46:08,311
719;3;1:15:49,594
890;3;1:15:06,762
312;2;3:06:14,064
268;5;3:57:31,155
82;2;2:04:12,088
518;4;1:12:37,750
871;3;3:05:12,784
461;5;3:35:33,558
352;2;3:06:09,122
496;2;3:36:57,447
430;3;1:26:20,715
569;1;2:00:41,286
598;2;3:05:57,632
809;3;1:47:38,887
727;5;2:02:27,508
723;5;3:53:19,289
130;2;2:24:30,776
877;3;3:20:03,702
958;1;1:36:25,134
850;4;1:48:58,670
399;4;3:31:52,894
131;1;1:50:18,046
17;2;2:37:28,925
102;4;3:38:39,611
677;1;3:22:07,649
429;3;2:19:30,182
535;3;1:20:32,312
785;3;3:36:56,129
911;3;1:54:12,823
110;3;3:14:55,301
621;4;2:10:59,227
252;5;3:41:18,023
424;4;3:11:35,696
410;1;3:25:14,143
43;3;3:05:34,193
709;4;1:36:10,717
527;2;1:42:57,932
963;5;1:12:29,485
945;1;1:40:25,342
948;4;1:24:59,579
217;3;2:13:46,415
451;1;2:03:30,740
536;5;2:02:34,517
190;2;3:17:28,905
840;5;1:19:44,597
343;2;2:21:35,811
625;2;2:40:18,216
966;3;2:04:20,212
877;1;1:26:07,096
755;4;3:47:44,365
67;5;3:42:12,859
878;3;3:03:31,438
610;3;1:52:51,714
408;5;2:10:10,175
2;3;2:17:41,707
88;2;2:46:20,265
989;2;1:26:00,917
911;2;1:23:44,020
839;5;3:49:12,304
173;4;1:33:23,615
541;2;3:53:13,796
212;1;1:02:27,288
729;5;3:38:52,489
742;1;3:12:52,894
939;1;1:56:34,179
518;5;2:33:05,468
500;2;1:11:49,007
259;5;1:48:37,382
192;1;1:48:44,667
848;2;1:07:04,663
926;2;2:19:14,253
976;4;1:11:47,477
910;4;1:02:33,218
429;4;1:46:52,822
718;1;3:39:37,064
29;5;2:11:30,912
817;5;3:46:23,171
949;2;2:17:32,817
918;4;2:37:30,506
534;3;2:36:40,120
887;2;2:53:28,846
202;5;3:24:53,794
410;2;1:10:14,476
369;2;1:21:37,328
307;5;2:19:07,069
977;3;3:01:00,993
804;4;2:15:00,468
840;4;3:43:17,872
60;1;3:35:57,166
821;2;2:22:17,440
797;5;2:09:15,665
347;1;1:31:25,019
940;5;1:23:46,567
703;2;1:53:21,459
757;1;2:41:44,147
551;1;1:37:32,314
245;3;2:06:41,927
703;5;1:53:48,710
964;3;1:57:42,953
354;1;2:10:28,165
662;2;1:05:59,211
732;3;2:28:51,749
718;4;3:17:48,710
446;3;1:08:51,209
170;1;1:48:27,533
502;4;3:48:19,578
868;3;1:23:10,746
375;3;1:15:19,949
256;4;2:22:25,977
626;2;2:00:56,452
827;1;1:58:40,137
720;1;1:24:28,088
899;2;3:20:56,364
930;3;1:40:53,261
692;1;2:21:31,718
525;2;1:55:34,463
126;1;1:59:50,670
368;2;1:20:27,310
794;2;3:29:16,678
701;1;2:52:37,380
167;2;1:17:24,017
957;5;3:41:25,273
751;1;1:50:20,213
960;5;2:54:02,896
677;2;2:18:20,965
12;1;1:28:20,474
285;5;1:41:15,295
464;5;3:45:26,687
263;2;2:44:43,073
20;1;1:15:01,590
167;1;1:55:46,969
946;4;3:57:47,819
166;1;1:30:32,905
744;1;1:24:00,660
316;3;3:53:00,141
845;5;1:24:33,655
952;4;1:44:55,242
422;2;3:29:22,968
625;3;2:33:10,227
819;2;3:39:34,887
453;4;1:48:14,918
295;3;1:34:30,110
132;1;3:37:50,620
814;2;3:52:50,787
173;1;1:00:29,564
889;3;3:29:20,809
27;1;3:50:29,179
960;2;1:04:40,339
32;1;3:10:42,487
625;1;1:44:37,327
801;5;3:00:32,229
141;5;1:22:45,929
26;4;2:10:56,955
743;4;2:56:27,188
902;5;2:31:43,807
203;4;3:35:05,833
205;4;1:27:23,867
134;2;3:50:32,816
31;1;1:52:44,574
193;4;1:39:53,069
236;2;1:08:54,002
282;1;3:00:55,256
214;4;1:39:21,206
417;1;2:57:04,900
760;2;1:08:34,448
222;1;2:01:47,833
276;4;2:09:49,902
84;3;3:29:08,411
26;2;2:13:52,226
152;4;1:48:27,533
91;5;3:39:40,352
399;2;3:35:41,785
366;2;1:40:53,885
891;4;2:15:32,564
109;2;3:04:13,980
855;2;2:56:49,129
666;1;1:13:30,293
84;5;3:08:46,191
222;3;3:41:12,574
276;2;3:02:08,180
548;4;1:55:23,648
581;3;2:51:03,181
618;2;2:02:15,929
917;2;2:05:40,859
783;1;2:09:13,128
367;1;3:06:28,015
481;2;2:49:09,222
739;1;3:32:08,606
135;4;3:55:13,971
483;4;2:25:25,163
657;1;3:50:33,252
547;2;1:01:49,188
285;2;1:12:51,318
7;2;3:25:55,174
336;4;2:20:59,358
486;4;3:07:29,723
259;1;1:24:42,491
106;1;3:54:01,964
619;1;2:24:03,754
300;1;2:31:05,274
493;2;2:59:26,095
172;1;2:22:15,554
173;3;3:37:53,608
348;3;1:03:01,328
208;3;3:13:21,556
557;3;2:14:24,611
787;1;1:13:35,970
325;3;1:58:02,237
881;3;3:52:43,700
738;2;2:44:25,181
1000;4;1:12:44,358
91;2;1:25:03,536
471;1;3:44:44,007
513;5;2:40:14,652
89;1;1:23:27,196
244;2;2:34:48,146
766;3;2:27:09,340
384;3;1:18:04,013
515;2;3:03:37,012
748;5;2:00:22,937
923;4;2:32:23,702
384;2;1:35:10,712
655;5;2:37:30,506
15;3;1:11:18,943
596;5;2:46:18,936
390;4;1:26:42,430
465;1;1:32:19,671
705;1;2:29:48,599
292;1;2:14:10,807
729;4;3:02:32,241
658;4;2:15:44,179
843;3;3:57:59,030
335;1;1:19:06,426
78;4;1:30:24,777
594;2;1:56:17,278
43;1;1:09:24,475
340;4;2:18:57,851
65;5;1:43:18,960
170;3;1:43:11,074
439;5;1:49:38,272
179;5;3:55:32,771
896;5;2:50:23,940
462;1;2:40:22,893
376;2;2:00:51,652
623;2;1:32:49,363
776;4;2:33:18,953
789;4;1:26:25,299
120;3;3:16:44,735
766;5;2:41:49,143
831;4;1:33:11,840
666;5;3:32:22,728
452;1;3:48:09,180
831;3;3:42:34,752
519;2;1:05:29,261
445;2;3:56:55,067
641;3;3:34:53,300
794;1;3:22:46,201
934;4;3:26:21,077
609;2;3:01:16,953
533;5;1:38:42,336
645;1;2:11:47,056
874;1;3:18:04,749
513;4;3:21:05,183
323;1;3:47:49,352
487;1;3:10:35,710
609;4;3:21:42,038
202;3;3:44:56,987
236;4;2:02:27,508
266;5;2:18:56,259
239;4;3:04:50,715
859;3;2:04:31,449
934;2;3:59:56,668
145;2;2:36:28,025
800;1;1:56:10,709
978;4;2:45:30,150
789;5;3:45:50,978
162;3;1:17:22,357
993;2;1:40:53,376
931;2;1:02:09,135
939;4;3:13:25,884
971;3;3:58:46,604
851;3;2:47:43,247
438;5;1:33:38,623
771;1;2:00:35,076
825;2;1:11:09,392
728;3;1:23:28,624
358;2;2:04:10,451
221;4;3:55:07,161
108;1;3:48:21,976
516;5;3:31:19,532
192;3;2:37:53,909
363;3;2:14:20,227
997;4;3:34:15,609
747;1;1:48:21,346
762;4;3:32:10,308
819;3;3:35:34,775
176;2;1:57:28,402
410;5;1:54:17,911
277;2;2:44:12,693
707;1;2:48:17,158
334;1;3:12:12,858
262;2;2:30:43,046
636;3;3:52:14,227
684;4;1:24:10,963
84;1;3:20:30,658
83;5;1:01:16,738
93;2;1:08:05,804
644;2;2:47:11,419
584;1;1:22:21,103
727;4;2:11:53,217
585;1;2:37:06,757
275;1;2:19:49,840
117;5;1:44:29,630
986;5;2:21:50,469
670;1;3:25:29,816
713;3;3:11:48,517
902;4;2:39:48,348
667;3;1:55:49,128
434;1;3:59:42,870
744;3;2:48:59,542
322;2;2:23:02,610
736;1;1:32:14,464
558;3;1:25:07,175
588;1;1:17:01,302
254;1;3:11:48,517
500;5;3:31:02,267
218;1;2:30:46,065
305;5;1:33:07,976
4;1;3:47:29,831
977;2;3:45:37,983
702;1;1:04:04,769
434;2;3:33:43,442
874;5;3:48:43,933
453;1;3:27:34,680
334;4;3:35:46,419
593;3;1:41:57,001
483;3;1:23:06,488
703;1;3:32:51,482
432;5;1:48:14,918
608;4;3:53:35,656
283;1;2:20:59,358
805;3;3:51:11,081
193;3;2:09:13,582
412;2;1:48:09,984
58;1;2:39:21,300
898;1;3:54:23,819
153;2;3:35:21,674
424;1;1:32:32,734
83;1;3:04:53,975
268;2;2:59:33,786
2;5;2:56:14,826
136;3;2:53:16,411
971;4;2:14:45,636
405;1;1:13:44,697
918;2;2:45:21,991
242;5;2:41:29,189
829;4;1:00:27,357
619;3;3:51:22,952
450;1;3:58:33,271
577;4;1:53:18,458
913;2;3:43:32,073
296;4;1:03:47,240
310;4;3:17:22,413
813;5;3:10:16,812
654;1;2:38:53,004
475;3;3:45:49,871
621;2;1:17:07,497
559;3;3:43:53,855
398;5;2:36:08,664
999;1;1:41:18,328
